,fornavn,etternavn,periode_liste
1,Aase Marthe J.,Horrigmo,{2021-2025}
3,Abel Cecilie Knibe,Kroglund,"{2021-2025,2017-2021}"
6,Astrid Aarhus,Byrknes,"{2021-2025,2013-2017,2009-2013}"
7,Adelheid Frost,Mykland,{2021-2025}
8,Adrian Wilhelm Kjølø,Tollefsen,{2021-2025}
9,Anette Carnarius,Elseth,"{2021-2025,2017-2021,2013-2017,2009-2013,2005-2009,2001-2005,1997-2001}"
10,Anne Grethe,Hauan,"{2021-2025,2017-2021}"
11,Agnete Masternes,Hanssen,{2021-2025}
12,Agnes Nærland,Viljugrein,{2021-2025}
13,Ahmed,Lindov,{2021-2025}
14,Aina,Stenersen,"{2021-2025,2013-2017,2009-2013}"
17,Alf Erik Bergstøl,Andersen,{2021-2025}
19,Alf Magne,Grindhaug,{2021-2025}
21,Alice Botnen,Akselsen,{2021-2025}
22,Aleksander Øren,Heen,"{2021-2025,2017-2021,2013-2017}"
24,Amalie,Gunnufsen,{2021-2025}
25,Amalie,Kollstrand,{2021-2025}
26,Andreas,Arff,{2021-2025}
27,Anders,Brabrand,{2021-2025}
28,Andrea Christina,Gonzalez,{2021-2025}
29,Andrine,Hanssen-Seppola,{2021-2025}
30,Anders,Mathisen,{2021-2025}
31,Andreas,Meeg-Bentzen,{2021-2025}
32,Andrea,Sjøvoll,{2021-2025}
33,Anders Braut,Ueland,{2021-2025}
34,Ane,Breivik,{2021-2025}
35,Anita,Patel,{2021-2025}
36,Anita Husøy,Riskedal,{2021-2025}
37,Anja,Hovland,{2021-2025}
38,Anette Kristine,Davidsen,"{2021-2025,2017-2021,2013-2017}"
39,Anne,Bjertnæs,{2021-2025}
40,Anne Kristin,Bruns,{2021-2025}
41,Anne Berit,Figenschau,{2021-2025}
42,Anne Marie,Fiksdal,{2021-2025}
44,Anne-Marte,Kolbjørnshus,{2021-2025}
45,Anne Kirstin,Korsfur,{2021-2025}
47,Anna Henriette,Straume,{2021-2025}
48,Anniken Heimdal,Tjøstheim,{2021-2025}
49,Anna Sofie Ekeland,Valvatne,"{2021-2025,2017-2021}"
50,Afshan,Rafiq,"{2021-2025,2013-2017,2009-2013,2005-2009,2001-2005}"
51,Aram,Karim,{2021-2025}
52,Are Bergli,Heier,{2021-2025}
53,Arild Kvernmo,Pedersen,{2021-2025}
54,Arild,Theimann,{2021-2025}
55,Arne Olav,Haabeth,{2021-2025}
56,Arne Reidar,Myrseth,{2021-2025}
57,Astrid,Gaassand,"{2021-2025,2017-2021,2013-2017}"
58,Åshild Charlotte,Pettersen,"{2021-2025,2017-2021}"
59,Assad,Nasir,{2021-2025}
60,Athar Ali,Tajik,{2021-2025}
63,Audun Hammer,Hovda,{2021-2025}
64,August Dybvad,Grøntvedt,{2021-2025}
65,Aud,Hove,"{2021-2025,2017-2021,2009-2013}"
66,Barham,Azadi,{2021-2025}
67,Beate,Husa,"{2021-2025,2017-2021,2013-2017}"
68,Beate Dybendal,Nordvik,{2021-2025}
69,Bente Irene,Aaland,{2021-2025}
70,Bent-Joacim,Bentzen,{2021-2025}
71,Bente,Bruun,{2021-2025}
72,Benjamin,Jakobsen,{2021-2025}
73,Bengt Halvard,Odden,{2021-2025}
74,Bergljot,Oldre,{2021-2025}
76,Berit,Tønnesen,{2021-2025}
78,Berit Olga,Flåmo,"{2021-2025,2013-2017}"
80,Birte,Usland,{2021-2025}
82,Bjørnar,Laabak,"{2021-2025,2017-2021,2009-2013}"
83,Bjørn Gunnar,Baas,{2021-2025}
84,Bjørn,Kahrs,{2021-2025}
86,Boye,Ullmann,{2021-2025}
87,Bård,Heio,{2021-2025}
89,Brita,Skallerud,{2021-2025}
91,Camilla Edith,Ahamath,{2021-2025}
92,Camilla Maria,Brekke,{2021-2025}
93,Caroline M. Grønli,Andersen,{2021-2025}
94,Carina,Thorvaldsen,{2021-2025}
95,Cathrine,Andersen,{2021-2025}
96,Cato Brunvand,Ellingsen,{2021-2025}
97,Cathrine,Linnes,{2021-2025}
98,Cathrine Palm,Spange,{2021-2025}
99,Cecilie,Agnalt,"{2021-2025,2017-2021}"
100,Cecilie Ingebjørg,Lerstang,{2021-2025}
101,Christian,Eikeland,"{2021-2025,2009-2013,2005-2009}"
102,Charlott,Pedersen,{2021-2025}
103,Charlotte,Therkelsen,{2021-2025}
104,Charlotte Jahren,Øverbye,{2021-2025}
105,Christian,Hetty,{2021-2025}
106,Christian,Torset,{2021-2025}
107,Charlotte,Spurkeland,"{2021-2025,2013-2017}"
109,Christine Bertheussen,Killie,"{2021-2025,2005-2009}"
110,Camilla Sørensen,Eidsvold,"{2021-2025,2017-2021}"
113,Dagny Cesilie Sunnanå,Hausken,{2021-2025}
114,Dagfinn Homdal,Svanøe,{2021-2025}
115,Dag,Willmann,{2021-2025}
117,Dina K. Korneliussen,Bovim,{2021-2025}
118,Dordi,Hammer,{2021-2025}
119,Dorthea,Elverum,{2021-2025}
122,Emilie,Schäffer,"{2021-2025,2017-2021,2009-2013}"
124,Egil Natvik,Vestrheim,{2021-2025}
126,Eilev,Bekjorden,"{2021-2025,2017-2021}"
127,Eirill,DeLonge,{2021-2025}
128,Eirik Losnegaard,Mevik,{2021-2025}
129,Eivind,Drivenes,{2021-2025}
130,Elisabeth Birkeland,Hatlenes,{2021-2025}
131,Elias Roko,Eide,{2021-2025}
132,Elisabeth,Holien,{2021-2025}
133,Elisabeth,Rye-Florentz,{2021-2025}
134,Eline,Stangeland,{2021-2025}
135,Eli,Wathne,"{2021-2025,2017-2021}"
136,Ellen,Eriksen,"{2021-2025,2017-2021,2013-2017,2009-2013}"
137,Elly,Frogner,{2021-2025}
139,Else Rege,Grannes,{2021-2025}
140,Elin,Tvete,"{2021-2025,2017-2021}"
143,Emilie Kleiven,Græsli,{2021-2025}
144,Emil Andre Taftø,Thorstensen,{2021-2025}
145,Emma Georgina,Lind,{2021-2025}
146,Emma Berge,Ness,{2021-2025}
147,Emma,Watne,{2021-2025}
148,Erlend Andreas Malvik,Andresen,{2021-2025}
150,Erlend Nævdal,Bolstad,{2021-2025}
152,Erling Gøran,Mellingsæter,{2021-2025}
153,Eirik Lae,Solberg,{2021-2025}
154,Erling,Thoresen-Vestre,{2021-2025}
157,Estela Pastor Soares,Andreetta,{2021-2025}
158,Eva Marianne,Eilertsen,{2021-2025}
159,Even,Eriksen,{2021-2025}
163,Farukh,Qureshi,{2021-2025}
165,Ferhat,Güven,"{2021-2025,2017-2021,2013-2017}"
168,Fredrik,Holm,{2021-2025}
169,Fredrik Tiochta,Sørlie,{2021-2025}
170,Frode,Jacobsen,{2021-2025}
171,Geir Arild,Espnes,"{2021-2025,2017-2021}"
173,Gunn Åmdal,Mongstad,"{2021-2025,2017-2021,2005-2009}"
174,Gaute Klogh,Henriksen,{2021-2025}
175,Geir Roger,Borgedal,"{2021-2025,2017-2021}"
176,Gaute Børstad,Skjervø,"{2021-2025,2017-2021}"
177,Geir,Angeltveit,{2021-2025}
178,Geir,Kvarme,{2021-2025}
181,Georg,Sørmo,{2021-2025}
182,Gjermund,Ingolfsland,{2021-2025}
189,Gunhild Berge,Stang,"{2021-2025,2013-2017}"
190,Guro Angell,Gimse,"{2021-2025,2017-2021}"
191,Gunnhild,Meringdal,"{2021-2025,2013-2017}"
192,Gunnar,Heiene,{2021-2025}
193,Gunnell  Erika,Sandanger,{2021-2025}
194,Guro Holm,Skillingstad,{2021-2025}
195,Haakon,Riekeles,{2021-2025}
196,Haakon,Skramstad,{2021-2025}
197,Hadle Rasmus,Bjuland,{2021-2025}
198,Hallgeir,Grøntvedt,"{2021-2025,2013-2017,2009-2013}"
199,Haitham,El-noush,"{2021-2025,2009-2013}"
200,Halvor,Rismyhr,{2021-2025}
201,Hanne-Berit,Brekken,{2021-2025}
202,Hannah,Gitmark,{2021-2025}
203,Hanne Birgitte Lindbak,Haatuft,{2021-2025}
204,Hans Gunnar,Holand,{2021-2025}
205,Hanna Elise,Marcussen,{2021-2025}
206,Hans Olav,Sundfør,{2021-2025}
207,Hanne Benedikte,Wiig,{2021-2025}
208,Hanne Dyveke,Søttar,"{2021-2025,2017-2021,2005-2009,2001-2005,1997-2001}"
210,Hedda,Wike,{2021-2025}
211,Hege,Nordheim-Viken,{2021-2025}
213,Heidi Marlene Siri,Dervo,{2021-2025}
215,Heidi Anita Lindkvist,Holmgren,{2021-2025}
216,Halvor,Ekeland,"{2021-2025,2017-2021}"
217,Helge Johan,Ringli,{2021-2025}
218,Helena,Haldorsen,{2021-2025}
220,Henning,Ekerhovd,{2021-2025}
222,Henrik,Stensønes,"{2021-2025,2017-2021}"
223,Herman,Sannerholt,{2021-2025}
225,Halvard,Ingebrigtsen,"{2021-2025,2017-2021,2013-2017}"
226,Hilde Marie Gaebpie,Danielsen,{2021-2025}
227,Hilde,Helland,{2021-2025}
228,Håkon,Ohren,{2021-2025}
230,Håkon Lykkebø,Strand,"{2021-2025,2017-2021}"
231,Hans Inge,Myrvold,"{2021-2025,2017-2021}"
233,Hans Olav,Myklebust,"{2021-2025,2009-2013}"
234,Hannah Sumeja,Atic,"{2021-2025,2017-2021}"
235,Haagen Severin Nilson,Poppe,"{2021-2025,2017-2021}"
237,Hulda,Tronstad,{2021-2025}
238,Håvard Sagbakken,Saanum,{2021-2025}
239,Håvard,Sæbø,{2021-2025}
240,Henning,Wold,"{2021-2025,2017-2021,2013-2017}"
242,Ida Gårseth,Hov,"{2021-2025,2017-2021}"
245,Ingrid Nergaard,Fjeldstad,{2021-2025}
246,Inger Torun,Klosbøle,{2021-2025}
247,Ingrid Tønseth,Myhr,{2021-2025}
248,Ingeborg,Tennes,{2021-2025}
250,Ingrid,Waagen,{2021-2025}
252,Ida Ohme,Pedersen,"{2021-2025,2017-2021}"
253,Irene Heng,Lauvsnes,{2021-2025}
255,Isak Mathis,Buljo,{2021-2025}
257,Iril Schau,Johansen,"{2021-2025,2017-2021,2013-2017}"
258,Ivar B.,Prestbakmo,"{2021-2025,1997-2001}"
259,Jakob,Bjelland,"{2021-2025,2013-2017,2009-2013}"
260,Jakob,Vorren,{2021-2025}
261,Jan,Grønningen,{2021-2025}
262,Janne,Nystøl,{2021-2025}
264,Johan,Aas,"{2021-2025,2017-2021}"
265,Jeanette Onarheim,Syversen,{2021-2025}
266,Jesper,Nohr,{2021-2025}
267,Johan Edvard,Grimstad,"{2021-2025,2017-2021}"
269,Jill Eirin,Undem,{2021-2025}
270,Jørn Inge,Næss,"{2021-2025,2009-2013}"
272,Jorunn Gleditsch,Lossius,"{2021-2025,2017-2021}"
273,Jon,Engen-Helgheim,"{2021-2025,2017-2021}"
274,Joel,Ystebø,{2021-2025}
275,John-Peder,Denstad,{2021-2025}
276,Johann Martin,Krüger,{2021-2025}
277,Jone,Blikra,{2021-2025}
278,Jonny,Gulbrandsen,{2021-2025}
279,Jona,Lie,{2021-2025}
281,Jon Reidar,Øyan,"{2021-2025,2017-2021}"
282,Jørgen H.,Kristiansen,{2021-2025}
283,Julia Brännström,Nordtug,"{2021-2025,2017-2021,2013-2017}"
284,Jan Steinar Engeli,Johansen,"{2021-2025,2017-2021,1997-2001}"
285,Jan Ove,Tryggestad,"{2021-2025,2013-2017}"
287,Jul Tore,Kittelsrud,{2021-2025}
288,Katrine Boel,Gregussen,"{2021-2025,2017-2021,2013-2017}"
289,Kaja,Hilleren,{2021-2025}
290,Kaja Elisabeth Flesjø,Kværner,{2021-2025}
292,Kassandra Eleni Bredrup,Petsas,"{2021-2025,2017-2021}"
293,Karoline,Aarvold,{2021-2025}
294,Karoline Sjøen,Andersen,{2021-2025}
295,Kari Sofie,Bjørnsen,{2021-2025}
296,Karianne B.,Bråthen,{2021-2025}
297,Karsten Tønnevold,Fiane,{2021-2025}
298,Karoline,Fjeldstad,{2021-2025}
299,Kari Anita,Furunes,{2021-2025}
302,Kari,Jordal,{2021-2025}
303,Karstein Jon,Totland,{2021-2025}
304,Kari Anne,Sand,"{2021-2025,2013-2017}"
305,Katja Ragnasdatter,Halvorsen,{2021-2025}
309,Kenneth Engvoll,Løland,{2021-2025}
310,Ketil,Solvik-Olsen,"{2021-2025,2017-2021,2013-2017,2009-2013,2005-2009}"
311,Khalil,Obeed,{2021-2025}
314,Kim,Thoresen-Vestre,{2021-2025}
315,Kirsten Helen,Myren,{2021-2025}
316,Kjetil,Aga,{2021-2025}
317,Kjersti,Bjørnstad,{2021-2025}
319,Kjetil,Slettebø,{2021-2025}
322,Klemet Erland,Hætta,{2021-2025}
323,Kari Mette,Prestrud,"{2021-2025,2005-2009}"
324,Knut Tønnes,Steenersen,"{2021-2025,2017-2021,2009-2013,2005-2009}"
325,Kristin Ørmen,Johnsen,"{2021-2025,2017-2021,2013-2017}"
326,Kai Steffen,Østensen,"{2021-2025,2017-2021}"
327,Kristian Martin,Fremstad,{2021-2025}
328,Kristian Mateo,Norheim,{2021-2025}
329,Kristin,Horni,{2021-2025}
330,Kristoffer,Sivertsen,{2021-2025}
331,Kristoffer Robin,Haug,"{2021-2025,2017-2021}"
332,Kristian,Torve,"{2021-2025,2017-2021}"
333,Kristian P.,Wilsgård,"{2021-2025,2017-2021,2005-2009}"
334,Kurt Pasvikbamsen,Wikan,"{2021-2025,2017-2021}"
337,Lars Vegard,Fosser,{2021-2025}
338,Lars Eirik,Grotdal,{2021-2025}
339,Lars Gustav,Monsen,{2021-2025}
340,Lars,Rem,{2021-2025}
341,Lars Inge,Rønholt,{2021-2025}
342,Lars Myhr,Sandlund,{2021-2025}
343,Lubna Boby,Jaffery,"{2021-2025,2017-2021,2013-2017,2009-2013}"
346,Leif Gøran,Vasskog,{2021-2025}
347,Lena,Arntzen,{2021-2025}
348,Lena Amalie,Hamnes,{2021-2025}
349,Lill Harriet,Sandaune,"{2021-2025,2017-2021,2013-2017,2009-2013}"
352,Liv,Gustavsen,"{2021-2025,2017-2021}"
354,Linda Haugland,Jondahl,{2021-2025}
355,Line,Karlsvik,{2021-2025}
356,Line,Spiten,{2021-2025}
357,Lise-May,Sæle,"{2021-2025,2017-2021}"
360,Lavrans,Kierulf,"{2021-2025,2013-2017}"
361,Lasse,Lehre,"{2021-2025,2017-2021,2013-2017}"
362,Laila,Reiertsen,"{2021-2025,2017-2021,2013-2017,2009-2013,2005-2009}"
366,May Britt,Lagesen,"{2021-2025,2017-2021,2013-2017}"
367,Maria Barstad,Sanner,"{2021-2025,2017-2021}"
368,Magne,Sørby,{2021-2025}
371,Maksim Guttormsen,Råskhof,{2021-2025}
372,Maria,Alseth,"{2021-2025,2013-2017}"
373,Malin,Stokkeland,{2021-2025}
374,Marit,Aklestad,{2021-2025}
375,Marius,Bjørndalen,{2021-2025}
376,Marie-Helene H.,Brandsdal,{2021-2025}
377,Margrethe,Geelmuyden,{2021-2025}
378,Margrethe,Handeland,{2021-2025}
379,Marit,Grefstad,{2021-2025}
380,Maren,Grøthe,{2021-2025}
381,Marit Stubberud,Hanssen,{2021-2025}
382,Marta,Hofsøy,{2021-2025}
383,Maria Dumitrascu,Imrik,{2021-2025}
384,Maren Johanne Hersleth,Holsen,{2021-2025}
385,Martin Virkesdal,Jonsterhaug,{2021-2025}
386,Marte Eide,Klovning,{2021-2025}
387,Mari Rise,Knutsen,{2021-2025}
388,Marianne Dobak,Kvensjø,{2021-2025}
390,Margrethe,Motzfeldt,{2021-2025}
392,Marianne Klever,Næss,{2021-2025}
393,Marit,Ophus,{2021-2025}
395,Mariann Birgitte Ruud,Slettene,{2021-2025}
396,Marte Larsen,Tønseth,{2021-2025}
397,Maren,Vardøy-Lie,{2021-2025}
398,Maria,Zähler,{2021-2025}
400,Mattis Månum,Pettersen,{2021-2025}
401,Maurith Julie,Fagerland,{2021-2025}
402,Marit,Bjerkås,"{2021-2025,2017-2021}"
403,Mehmet Kaan,Inan,{2021-2025}
404,Margrethe,Haarr,"{2021-2025,2017-2021}"
405,May Helen Hetland,Ervik,"{2021-2025,2017-2021}"
408,Mina Jørgensen,Bergem,{2021-2025}
409,Minja Tea,Dzamarija,{2021-2025}
410,Kim,Hjardar,{2017-2021}
411,Michael,Tetzschner,"{2021-2025,2017-2021,2013-2017,2009-2013}"
414,Marte,Løvik,"{2021-2025,2017-2021}"
416,Monica,Molvær,"{2021-2025,2017-2021}"
417,Modolf,Haraldseid,{2021-2025}
418,Mohamed Ben Hedi,Kallel,{2021-2025}
420,Mona,Osman,{2021-2025}
421,Morten,Helland,{2021-2025}
423,Monica Therese Vee,Bratlie,"{2021-2025,2017-2021,2013-2017}"
427,Naomi Leila Nassiep,Wessel,{2021-2025}
428,Nasir,Ahmed,{2021-2025}
429,Nancy P.,Anti,"{2021-2025,2017-2021}"
430,Nisrin El,Morabit,"{2021-2025,2017-2021}"
432,Nicolai,Østeby,{2021-2025}
433,Niklaus,Haugrønning,"{2021-2025,2017-2021}"
434,Niklas,Eriksen,{2021-2025}
435,Nilofar,Nori,{2021-2025}
436,Nina P. S.,Lauritzsen,{2021-2025}
437,Naomi Ichihara,Røkkum,"{2021-2025,2017-2021}"
439,Njål Vigleik,Grene-Johnsen,{2021-2025}
441,Nora Jungeilges,Heyerdahl,{2021-2025}
446,Oda Maria Irgens,Hokstad,{2021-2025}
448,Oddbjørn,Kylland,{2021-2025}
449,Odd,Langvatn,{2021-2025}
450,Ole Guttorm,Brenden,"{2021-2025,2017-2021}"
451,Olav,Nordheim,{2021-2025}
452,Ola,Svenneby,{2021-2025}
453,Olav Sannes,Vika,{2021-2025}
455,Ole-Ansger Nepomuk,Martini,{2021-2025}
456,Ole Mathias,Rønaasen,{2021-2025}
458,Olav,Urbø,"{2021-2025,2017-2021}"
459,Ola Tore,Dokken,"{2021-2025,2017-2021}"
461,Paal,Kloster,{2021-2025}
462,Pål Morten,Borgli,"{2021-2025,2009-2013}"
463,Eli,Skoland,{2009-2013}
464,Paula Marie Kornelia,Lorentzen,{2021-2025}
466,Per Ivar,Lied,"{2021-2025,1997-2001}"
467,Per-Asbjørn,Andvik,{2021-2025}
469,Per-Gunnar,Skotåm,{2021-2025}
470,Per-Steinar,Slang,{2021-2025}
472,Petter Andreas,Wadstensvik,{2021-2025}
473,Petter,Sortland,{2021-2025}
474,Petter Sexe,Ulriksen,{2021-2025}
475,Pål,Berby,{2021-2025}
476,Pål Koren,Pedersen,{2021-2025}
477,Per Martin,Sandtrøen,"{2021-2025,2017-2021}"
480,Ragnhild Male,Hartviksen,{2021-2025}
481,Rauand,Ismail,{2021-2025}
483,Ramani K. Cornels,Nordli,{2021-2025}
484,René,Rafshol,{2021-2025}
486,Rita Hirsum,Lystad,{2021-2025}
487,Roar,Howlid,{2021-2025}
488,Roald Stigum,Olsen,{2021-2025}
489,Robert,Raustein,{2021-2025}
490,Roble Wehib Jama,Wais,{2021-2025}
493,Renate Sølversen,Berge,"{2021-2025,2017-2021}"
494,Rakel T. Skårslette,Trondal,"{2021-2025,2017-2021,2013-2017}"
495,Rune,Krutå,{2021-2025}
496,Rune,Stenstrøm,{2021-2025}
498,Ruth Grethe Østebøvik,Eriksen,{2021-2025}
499,Rutkay,Sabri,{2021-2025}
500,Ragnhild,Vassvik,"{2021-2025,2009-2013}"
502,Sahar,Madahian,{2021-2025}
503,Sara Hamre,Sekkingstad,"{2021-2025,2017-2021}"
504,Sara,Bell,{2021-2025}
505,Sara-Kristine,Loso,{2021-2025}
508,Åse Kristina,Heien,{2021-2025}
510,Selma,Flo-Munch,{2021-2025}
511,Sigurd Erlend,Reksnes,"{2021-2025,2017-2021,2013-2017}"
512,Solveig Ege,Tengesdal,"{2021-2025,2013-2017}"
513,Sven,Flo,"{2021-2025,2017-2021}"
514,Siri Gåsemyr,Staalesen,"{2021-2025,2017-2021,2009-2013}"
517,Sondre Hansmark,Persen,"{2021-2025,2017-2021}"
518,Sigrid Simensen,Ilsøy,"{2021-2025,2017-2021}"
519,Sigbjørn,Framnes,"{2021-2025,2017-2021,2013-2017}"
520,Sigrid Bjørnhaug,Hammer,{2021-2025}
521,Signe Ramson,Høie,{2021-2025}
523,Sigmund,Lier,{2021-2025}
524,Sigurd,Myrvoll,{2021-2025}
525,Sigurd Kvammen,Rafaelsen,{2021-2025}
526,Signe Bakke,Sølberg,{2021-2025}
527,Sigurd,Stormo,{2021-2025}
528,Sigrid Zurbuchen,Heiberg,{2021-2025}
530,Silje,Bergan,{2021-2025}
531,Silje,Hellesen,{2021-2025}
532,Silje Josten,Kjosbakken,{2021-2025}
533,Silje Kjellesvik,Norheim,{2021-2025}
535,Sindre,Martinsen-Evje,"{2021-2025,2017-2021}"
536,Siri,Borge,{2021-2025}
537,Siri,Sandvik,{2021-2025}
538,Siv Katrin,Ulla,{2021-2025}
539,Skjalg,Hamnes,{2021-2025}
540,Åsmund,Prytz,{2021-2025}
543,Sofie,Høgestøl,{2021-2025}
545,Sofia,Rana,{2021-2025}
546,Solveig,Vestenfor,{2021-2025}
547,Solveig,Vitanza,{2021-2025}
548,Symphorien,Pombe,"{2021-2025,2017-2021,2013-2017}"
549,Solveig,Schytz,"{2021-2025,2017-2021,2013-2017}"
550,Steinar,Krogstad,{2021-2025}
551,Steinar,Rørvik,{2021-2025}
552,Rune Ernst,Østergren,{2021-2025}
553,Stein,Stugu,{2021-2025}
554,Stig Atle,Abrahamsen,"{2021-2025,2017-2021}"
555,Stian,Bakken,{2021-2025}
556,Stina Baarne,Hassel,{2021-2025}
557,Stine,Hjerpbakk,{2021-2025}
558,Stine Jakobsen,Madsø,{2021-2025}
559,Stine,Høivik,{2021-2025}
560,Stine,Westrum,{2021-2025}
561,Ståle,Versland,{2021-2025}
562,Sunniva Andresdottir,Vik,{2021-2025}
563,Shakeel,Rehman,"{2021-2025,2017-2021,2013-2017}"
564,Svend Saxe,Frøshaug,{2021-2025}
566,Svein Oddvar,Leiros,"{2021-2025,2017-2021}"
569,Synne Høyforsslett,Bjørbæk,{2021-2025}
570,Tage Slind,Jensen,{2021-2025}
573,Tonje Anderson,Olsen,"{2021-2025,2017-2021}"
576,Terje,Hansen,{2021-2025}
577,Terje,Kollbotn,{2021-2025}
579,Terje Jonny,Sveen,{2021-2025}
580,Truls,Gihlemoen,"{2021-2025,2017-2021}"
582,Tina Shagufta Munir,Kornmo,"{2021-2025,2017-2021}"
584,Timo,Nikolaisen,{2021-2025}
585,Tom,Kalsås,"{2021-2025,2017-2021}"
588,Tobias Langås,Handeland,{2021-2025}
589,Tobias Hangaard,Linge,{2021-2025}
591,Tomas Iver,Hallem,{2021-2025}
592,Tom Einar,Karlsen,{2021-2025}
593,Tom Vegar,Kiil,{2021-2025}
594,Tone Lise,Avdal,{2021-2025}
595,Tonje,Brenna,"{2021-2025,2017-2021}"
596,Tone E. Berge,Hansen,{2021-2025}
597,Tonje,Nilsen,{2021-2025}
598,Tone,Våg,{2021-2025}
599,Tor Inge,Eidesen,{2021-2025}
600,Tor Malnes,Grobstok,{2021-2025}
601,Torgrim Hogstad,Hallem,{2021-2025}
602,Toralf,Heimdal,{2021-2025}
603,Torunn,Ostad,{2021-2025}
604,Torill Torsvik,Størkersen,{2021-2025}
605,Torleik,Svelle,{2021-2025}
606,Tore,Vamraak,{2021-2025}
607,Torill,Velle,{2021-2025}
608,Tove,Henøen,{2021-2025}
610,Tove,Tangen,{2021-2025}
611,Trine Lise,Stårvik,{2021-2025}
612,Trine,Fagervik,{2021-2025}
614,Trond,Ballestad,{2021-2025}
616,Trond Carell,Nyhus,{2021-2025}
617,Trude,Risnes,{2021-2025}
619,Trym,Braathen,{2021-2025}
623,Thorleif Fluer,Vikre,"{2021-2025,2013-2017,1997-2001}"
624,Trude Viola,Nordli,"{2021-2025,2017-2021,2009-2013}"
628,Unni Nilsen,Husøy,"{2021-2025,2017-2021}"
629,Unn-Hariet,Vekve,{2021-2025}
630,Vegard Rønning,Kjendsli,{2021-2025}
631,Vegard,Riseng,{2021-2025}
632,Veslemøy,Wåle,{2021-2025}
633,Victoria Figenschou,Mathiassen,{2021-2025}
634,Vidar,Langeland,{2021-2025}
635,Vetle Wang,Soleim,"{2021-2025,2017-2021,2013-2017}"
636,Willy,Kvilten,{2021-2025}
638,Yngve,Sætre,"{2021-2025,2017-2021}"
640,Øyvind,Grassdal,{2021-2025}
641,Øyvind Helland,Oddekalv,{2021-2025}
643,Alice,Aarebrodt,{2017-2021}
644,Aasa,Gjestvang,"{2017-2021,2013-2017}"
645,Aase,Simonsen,{2017-2021}
647,Anne Cecilie,Holm,{2017-2021}
648,Adrian Ness,Løvsjø,{2017-2021}
649,Alexander Fosse,Andersen,"{2017-2021,2013-2017,2005-2009}"
650,Anita,Gilde,{2017-2021}
651,Ann Iren,Amundsen,{2017-2021}
652,Amit,Ighani,{2017-2021}
653,Arild Johannes,Iversen,"{2017-2021,2009-2013}"
654,Anne Kristin,Bryne,{2017-2021}
655,Anders,Kiær,{2017-2021}
656,Anne Kristin,Lilleaasen,{2017-2021}
657,Allan,Ellingsen,"{2017-2021,2005-2009}"
658,Anne Marit,Mevassvik,"{2017-2021,2009-2013}"
659,Amund,Hellesø,{2017-2021}
660,Anette Kruhaug,Haldorsen,{2017-2021}
661,Anne Beth,Njærheim,"{2017-2021,2013-2017}"
662,Anna Konstanse Holan,Almli,{2017-2021}
663,Anne Karin,Olli,"{2017-2021,2009-2013}"
664,Ane Mari Braut,Nese,{2017-2021}
665,Anne Marte,Skari,{2017-2021}
666,Anne Berit,Odenmarck,"{2017-2021,2013-2017}"
667,Anders,Rambekk,{2017-2021}
668,Anders,Riise,{2017-2021}
670,Arne,Thomassen,"{2017-2021,2013-2017,2009-2013}"
671,Arve,Høiberg,{2017-2021}
672,Arve,Sigmundstad,{2017-2021}
673,Anne,Sandum,"{2017-2021,2013-2017,2009-2013}"
674,Asbjørn,Birkeland,{2017-2021}
675,Asle,Schrøder,{2017-2021}
676,Åse,Lund,{2017-2021}
677,Jon,Askeland,"{2017-2021,2013-2017}"
679,Astrid Margrethe,Hilde,{2017-2021}
680,Anne,Strømøy,{2017-2021}
681,Agnete,Tjærandsen,{2017-2021}
682,Atle,Kvåle,"{2017-2021,2013-2017}"
683,Atle,Simonsen,"{2017-2021,2013-2017,2009-2013}"
684,Audun,Mundal,{2017-2021}
685,Audun Kolsrud,Herning,{2017-2021}
686,Anders B.,Werp,"{2017-2021,2013-2017,2009-2013,2001-2005,1997-2001}"
687,Astrid Willa Eide,Hoem,"{2017-2021,2013-2017}"
688,Barbro Brønner,Eikset,{2017-2021}
689,Beate Bø,Nilsen,{2017-2021}
690,Beate Bondevik,Lie,{2017-2021}
691,Bente Stein,Mathisen,"{2017-2021,2013-2017,2009-2013}"
693,Arne,Bergsvåg,"{2017-2021,2009-2013,2005-2009}"
694,Bente Frederikke,Stensrød,"{2017-2021,2013-2017}"
695,Bjørn Arild,Gram,"{2017-2021,2013-2017,2005-2009,2001-2005}"
696,Bjørn Einar,Salvesen,{2017-2021}
697,Bjarte,Vatnøy,{2017-2021}
698,Bente Elin,Lilleøkseth,"{2017-2021,2013-2017,2001-2005}"
699,Bjørn,Larsen,"{2017-2021,2005-2009,2001-2005}"
700,Benedichte Limmesand,Hellestøl,{2017-2021}
701,Beate Marie Dahl,Eide,"{2017-2021,2005-2009}"
702,Boye,Bjerkholt,{2017-2021}
704,Andreas,Brandt,{2017-2021}
705,Bjarne,Rohde,"{2017-2021,2013-2017}"
706,Bersvend,Salbu,"{2017-2021,2013-2017}"
707,Bjørn-Kristian,Svendsrud,{2017-2021}
708,Britt Janne,Tennøy,{2017-2021}
709,Camilla,Saga,{2017-2021}
710,Camilla,Strandskog,"{2017-2021,2013-2017}"
711,Christopher Amundsen,Wand,"{2017-2021,2013-2017}"
713,Cecilie,Lindgren,{2017-2021}
714,Cathrine Løwer,Dahlquist,{2017-2021}
715,Claus Morten,Jørstad,"{2017-2021,2009-2013}"
716,Christine,Nilssen,{2017-2021}
717,Christian Tynning,Bjørnø,"{2017-2021,2013-2017}"
718,Dag Erik,Pryhn,{2017-2021}
719,Didrik,Beck,{2017-2021}
720,Daniel,Skjevik-Aasberg,"{2017-2021,2013-2017}"
722,Erik,Adland,{2017-2021}
724,Eva Kristin,Andersen,"{2017-2021,2013-2017}"
725,Eva Sandersen,Hetta,{2017-2021}
726,Elizabeth Åsjord,Sire,{2017-2021}
727,Erling,Behrens,"{2017-2021,2013-2017}"
729,Eivind,Brenna,"{2017-2021,2013-2017}"
730,Edmund,Stave,{2017-2021}
731,Elisabeth,Fanghol,{2017-2021}
732,Eirik Faret,Sakariassen,{2017-2021}
733,Ellinor,Gitlesen,{2017-2021}
735,Einar Jahre,Mustaparta,{2017-2021}
736,Eirin Kristin,Kjær,{2017-2021}
737,Eli Anne,Krystad,{2017-2021}
738,Ellen O.,Smenes,{2017-2021}
739,Erik,Ludvigsen,{2017-2021}
740,Erik Mogens,Unaas,{2017-2021}
741,Erik,Skutle,"{2017-2021,2013-2017}"
742,Erik,Skjervagen,{2017-2021}
743,Eldri,Svisdal,{2017-2021}
744,Elisabeth Toft,Erichsen,{2017-2021}
747,Fredrik,Mellem,"{2017-2021,2013-2017}"
749,Fredrik,Tønnesen,{2017-2021}
750,Grethe,Andersen,{2017-2021}
751,Geir Christian,Enger,{2017-2021}
752,Geir Sigbjørn,Toskedal,"{2017-2021,2013-2017}"
753,Gretha Evelin,Thuen,"{2017-2021,2001-2005}"
754,Geir,Fauchald,{2017-2021}
755,Gunn Elin,Flakne,"{2017-2021,2013-2017,2009-2013,2005-2009}"
756,Geir Hågen,Karlsen,"{2017-2021,2013-2017}"
757,Geir Inge,Sivertsen,"{2017-2021,2005-2009}"
758,Gerd,Isaksen,{2017-2021}
760,Gunnar,Kaus,"{2017-2021,2013-2017}"
761,Gina,Barstad,"{2017-2021,2013-2017,2009-2013}"
762,Gjertrud,Kjellesvik,"{2017-2021,2005-2009}"
763,Gunhild Elise,Øyangen,"{2017-2021,2001-2005,1997-2001}"
764,Grethe-Liv,Olaussen,{2017-2021}
765,Gunnar,Schulz,{2017-2021}
766,Gunn Haga,Brekka,{2017-2021}
767,Gülsüm,Koc,{2017-2021}
768,Hanne Caroline S.,Iversen,"{2017-2021,2013-2017,2009-2013,2005-2009,2001-2005}"
769,Heidi,Herum,{2017-2021}
771,Heidi,Granli,{2017-2021}
773,Hilde Kristin,Holtesmo,{2017-2021}
774,Hilmar,Høl,"{2017-2021,2005-2009}"
775,Hilde Anita,Nyvoll,"{2017-2021,2009-2013}"
776,Hanne,Thürmer,"{2017-2021,2013-2017,2009-2013}"
777,Hilde Mari,Bjørke,"{2017-2021,2013-2017}"
778,Hanne Marte,Vatnaland,{2017-2021}
779,Helge Robert,Midtbø,"{2017-2021,2013-2017}"
780,Hanne Ragnhild,Risvold,"{2017-2021,2013-2017}"
781,Halvard,Skaaland,{2017-2021}
782,Helge,Steinsvåg,"{2017-2021,2013-2017}"
783,Henry Andreas,Tendenes,{2017-2021}
784,Hulda,Holtvedt,{2017-2021}
785,Hanne Alstrup,Velure,"{2017-2021,2013-2017}"
786,Hans,Vintervold,{2017-2021}
787,Hans Kristian,Voldstad,{2017-2021}
788,Ingebjørg Berstad,Torp,{2017-2021}
789,Ingar,Eikeland,{2017-2021}
791,Inger Helene,Vaaten,"{2017-2021,2013-2017}"
792,Idun Kristine,Bortne,{2017-2021}
793,Ingelinn,Lossius-Skeie,{2017-2021}
794,Ingvill,Dalseg,{2017-2021}
795,Ingunn,Trosholmen,{2017-2021}
797,Iselin,Haugo,{2017-2021}
798,Inger Helene Hagen,Sira,{2017-2021}
799,Ingjerd Thon,Hagaseth,"{2017-2021,2013-2017}"
800,Iver,Tokstad,{2017-2021}
801,Jannike Sveinsdatter,Arnesen,"{2017-2021,2013-2017}"
803,John Christian,Elden,"{2017-2021,2013-2017}"
804,Jens-Fredrik,Nakken,{2017-2021}
807,Janne Fardal,Kristoffersen,"{2017-2021,2009-2013,2005-2009}"
810,Johnny,Håvik,{2017-2021}
811,Jan Halvor Vaag,Endrerud,{2017-2021}
812,Jorid Juliussen,Nordmelan,"{2017-2021,2013-2017}"
813,Jane,Meyer,{2017-2021}
814,Jonas,Bals,{2017-2021}
815,Jonas Bugtene,Boulifa,{2017-2021}
816,Jorid Oliv,Jagtøyen,{2017-2021}
817,Jarle Ugelstad,Klavenes,{2017-2021}
818,Julia,Wong,{2017-2021}
819,John-Erik,Vika,{2017-2021}
821,Karin,Eriksen,{2017-2021}
823,Kari Anne Bøkestad,Andreassen,{2017-2021}
824,Kari-Anne,Opsal,{2017-2021}
825,Kjartan,Berland,"{2017-2021,2013-2017}"
828,Kristian,Eilertsen,{2017-2021}
830,Kim André,Haugan Schei,{2017-2021}
831,Kjell Ivar,Larsen,"{2017-2021,2013-2017,2009-2013,2005-2009}"
832,Kjetil,Glimsdal,{2017-2021}
833,Kjersti,Pettersen,{2017-2021}
834,Kjell-Idar,Juvik,"{2017-2021,2013-2017}"
836,Kaja Ljønes,Lund,{2017-2021}
837,Knut Magne,Flølo,{2017-2021}
838,Kristin Moe,Surlien,{2017-2021}
840,Knut Øye,Brandsås,{2017-2021}
841,Kristine,Hallingstad,"{2017-2021,2013-2017}"
842,Kristin,Maurstad,"{2017-2021,2013-2017,2009-2013}"
843,Kari-Lise,Rørvik,{2017-2021}
844,Kenneth Sørum,Bekkemoen,{2017-2021}
845,Kirsten Sandberg,Natvig,{2017-2021}
847,Leif Ari Throndsen,Ingholm,{2017-2021}
848,Lozan,Balisany,{2017-2021}
849,Leif,Christensen,{2017-2021}
850,Leif,Eggen,{2017-2021}
851,Leif Erik,Egaas,{2017-2021}
852,Leif Audun,Sande,{2017-2021}
853,Line,Halvorsrud,{2017-2021}
854,Lars Olav,Hustad,{2017-2021}
855,Liselotte Aune,Lee,{2017-2021}
856,Line,Meyer,{2017-2021}
858,Lise Solveig,Wiik,"{2017-2021,2013-2017,2005-2009,2001-2005}"
860,Marius Roheim,Johnsen,{2017-2021}
863,Martin,Ludvigsen,{2017-2021}
864,Martha,Tærud,{2017-2021}
865,Mathias,Bernander,{2017-2021}
866,Magnus,Weggesrud,{2017-2021}
867,Mona,Berger,{2017-2021}
868,Marie Ljones,Brekke,"{2017-2021,2013-2017}"
869,Monica Carmen,Gåsvatn,"{2017-2021,2009-2013}"
871,Mette Heidi Bergsvåg,Ekrheim,{2017-2021}
872,Mari,Eifring,{2017-2021}
873,Magnus,Halvorsen,{2017-2021}
874,Markus,Hansen,{2017-2021}
875,Marianne,Haukland,{2017-2021}
876,Margareth Hoff,Berg,"{2017-2021,2009-2013,2005-2009}"
878,Marit Helene,Meyer,{2017-2021}
879,Monica Hauge,Stiansen,"{2017-2021,2013-2017}"
880,Margaret Elin,Hystad,{2017-2021}
881,Mildred Akosua Agyele,Awuku,{2017-2021}
882,Miriam,Haavik,{2017-2021}
883,Mazyar,Keshvari,"{2017-2021,2013-2017,2009-2013,2005-2009}"
884,Maria Kristine,Göthner,{2017-2021}
885,Mats A.,Kirkebirkeland,{2017-2021}
886,Marius Meisfjord,Jøsevold,"{2017-2021,2009-2013}"
887,Marit Nerås,Krogsæter,"{2017-2021,2013-2017}"
888,Marianne,Nordli,"{2017-2021,2009-2013}"
889,Morten Andreas,Hagen,"{2017-2021,2013-2017}"
890,Monica Skeide,Glad,{2017-2021}
892,Morgan,Langfeldt,"{2017-2021,2013-2017}"
893,Marte,Præsteng,{2017-2021}
894,Maren,Rismyhr,{2017-2021}
895,Marianne,Røed,{2017-2021}
897,Marthe Scharning,Lund,"{2017-2021,2001-2005,1997-2001}"
898,Magnus Wåtland,Delbekk,{2017-2021}
899,Mari Aaby,West,{2017-2021}
900,Mathias Willassen,Hanssen,{2017-2021}
902,Nina Elisabeth,Bentzen,{2017-2021}
904,Nina,Thorbjørnsen Roland,{2017-2021}
906,Nina,Jentoft,{2017-2021}
907,Niclas,Tokerud,"{2017-2021,2013-2017}"
909,Nina Ve,Sæbø,{2017-2021}
910,Ole Bent,Røiseland,{2017-2021}
911,Olivia Corso,Salles,"{2017-2021,2013-2017}"
912,Oddvar,Igland,{2017-2021}
913,Odd,Omland,"{2017-2021,2013-2017,2009-2013}"
914,Odd Gunnar,Tveit,"{2017-2021,2013-2017,2009-2013}"
916,Ole-Jacob,Johansen,"{2017-2021,2013-2017,2001-2005}"
918,Olov,Grøtting,"{2017-2021,2013-2017,2009-2013}"
919,Olav,Myklebust,{2017-2021}
920,Olaus Trygve,Bjuland,{2017-2021}
921,Ove,Vollan,{2017-2021}
922,Øystein,Hassel,{2017-2021}
923,Per Martin,Berg,{2017-2021}
925,Per Kåre,Foss,"{2017-2021,2013-2017}"
926,Per Gunnar,Stensvaag,{2017-2021}
927,Per Kristian,Lunden,{2017-2021}
928,Per,Lykke,{2017-2021}
929,Pål Sæther,Eiden,{2017-2021}
930,Per Sverre,Kvinlaug,"{2017-2021,2013-2017}"
931,Pål Sture,Nilsen,{2017-2021}
932,Peder Sjo,Slettebø,{2017-2021}
933,Per Espen,Stoknes,{2017-2021}
934,Per-Gunnar,Sveen,{2017-2021}
935,Randi,Dille,{2017-2021}
936,Ragnhild Berg,Nilsen,{2017-2021}
937,Roger,Granum,{2017-2021}
938,Roger,Hansen,{2017-2021}
939,Randi Helga Walderhaug,Frisvoll,"{2017-2021,2013-2017}"
940,Ragnhild H.,Kaski,"{2017-2021,2013-2017}"
941,Rikke,Håkstad,{2017-2021}
942,Rita,Lekang,{2017-2021}
943,Regina,Alexandrova,"{2017-2021,2013-2017}"
944,Roy Arild,Angelvik,"{2017-2021,2013-2017}"
945,Robert,Lien,{2017-2021}
946,Roger Magne,Osen,{2017-2021}
947,Rolf-Jonas Ringen,Kristiansen,{2017-2021}
949,Rowena von,Ohle,{2017-2021}
950,Sadi,Emeci,{2017-2021}
951,Svein Arne,Harsjøen,{2017-2021}
952,Stine,Akselsen,{2017-2021}
953,Steinar,Bach,{2017-2021}
954,Suzy Christina,Haugan,{2017-2021}
955,Svein Erik,Indbjo,{2017-2021}
956,Silje Flaten,Haugli,{2017-2021}
957,Sigurd Gjerde,Jakola,{2017-2021}
958,Steinar,Ness,{2017-2021}
959,Sheida,Sangtarash,{2017-2021}
960,Sigurd,Hille,"{2017-2021,2013-2017}"
961,Siv Henriette,Jacobsen,"{2017-2021,2005-2009}"
963,Sigurd Arnekleiv,Bækkelund,{2017-2021}
964,Silje,Diserud,{2017-2021}
965,Siv Elin,Hansen,"{2017-2021,2013-2017}"
966,Silje,Johansen,{2017-2021}
967,Sindre,Nilsskog,{2017-2021}
969,Simon Johan Hagvåg,Johnsen,{2017-2021}
971,Siri,Martinsen,"{2017-2021,2013-2017}"
972,Simon Molvær,Grimstad,"{2017-2021,2013-2017}"
973,Sahfana Ali,Mubarak,{2017-2021}
974,Sofie Margrethe Steinsvåg,Selvikvåg,"{2017-2021,2013-2017}"
978,Solveig Skaugvoll,Foss,{2017-2021}
979,Silje Heggdal,Sjøvold,{2017-2021}
980,Svein,Syversen,{2017-2021}
981,Steinar,Karlstrøm,{2017-2021}
982,Stine,Hansen,{2017-2021}
984,Stine Margrethe Knutsdatter,Olsen,{2017-2021}
985,Stein Robert,Osdal,{2017-2021}
986,Stine Renate,Håheim,"{2017-2021,2013-2017,2009-2013}"
987,Svetlana Konstantinova,Johnsen,{2017-2021}
988,Syed Wali Haider,Gilani,{2017-2021}
989,Sylvia,Brandsrud,{2017-2021}
990,Torkil,Åmland,"{2017-2021,2013-2017,2009-2013}"
991,Tarjei,Skræi,{2017-2021}
992,Tore,Askildsen,{2017-2021}
993,Tiril Eid,Barland,{2017-2021}
994,Tonje,Kopstad,{2017-2021}
995,Trine-Lise Østlund,Blime,"{2017-2021,2013-2017}"
996,Torbjørn,Bongo,{2017-2021}
998,Tove,Eivindsen,{2017-2021}
999,Tonje Kristin,Evju,{2017-2021}
1000,Trude Fjærli,Giskås,{2017-2021}
1002,Torleif,Hamre,{2017-2021}
1003,Theodor Barndon,Helland,{2017-2021}
1004,Thor,Edquist,{2017-2021}
1005,Terje,Hylen,{2017-2021}
1006,Tarjei Jensen,Bech,{2017-2021}
1007,Trine,Danielsen,{2017-2021}
1008,Tone Merete,Sønsterud,"{2017-2021,2013-2017,2009-2013,2005-2009,2001-2005}"
1010,Tore Andreas,Haaland,{2017-2021}
1011,Tove Welle,Haugland,{2017-2021}
1013,Tor,Grøthe,{2017-2021}
1015,Tone Heimdal,Brataas,"{2017-2021,2013-2017}"
1016,Tone May,Nordstrand,{2017-2021}
1017,Torgeir,Anda,{2017-2021}
1018,Torgeir,Johnsen,{2017-2021}
1019,Tormod,Overland,"{2017-2021,2013-2017}"
1020,Tore Syvert,Haga,{2017-2021}
1022,Tove-Lise,Torve,"{2017-2021,2013-2017,2009-2013}"
1023,Tor Petter,Ekroll,{2017-2021}
1024,Tommy Rannov,Nystad,"{2017-2021,2013-2017}"
1025,Trude,Brosvik,{2017-2021}
1027,Tommy,Skjervold,{2017-2021}
1028,Torill Selsvold,Nyborg,"{2017-2021,2005-2009,2001-2005,1997-2001}"
1029,Tor Sigbjørn,Utsogn,"{2017-2021,2009-2013}"
1030,Turid,Backe-Viken,{2017-2021}
1032,Vidar,Andersen,"{2017-2021,2001-2005}"
1033,Vegard Frøseth,Fenes,{2017-2021}
1034,Viggo,Lütcherath,{2017-2021}
1035,Viel Jaren,Heitmann,{2017-2021}
1036,Vegard Johan,Jæger,{2017-2021}
1037,Vetle,Langedahl,{2017-2021}
1038,Victoria Marie,Evensen,{2017-2021}
1039,Victoria,Smenes,{2017-2021}
1040,Wenche,Tislevoll,{2017-2021}
1041,Yassine,Arakia,{2017-2021}
1042,Zaineb,Al-Samarai,{2017-2021}
1044,Astrid Nøklebye,Heiberg,"{2017-2021,2013-2017}"
1046,Åsta,Årøen,{2013-2017}
1047,Anne Barbro Aglen,Bystadhagen,{2013-2017}
1048,Anja Berggård,Endresen,{2013-2017}
1049,Astrid F.,Selsvold,{2013-2017}
1050,Åge,Austheim,"{2013-2017,2009-2013,2005-2009}"
1051,Anne Grethe,Lund,{2013-2017}
1052,Arnulf,Goksøyr,{2013-2017}
1053,Anne,Haave,{2013-2017}
1054,Aud Herbjørg,Kvalvik,"{2013-2017,2009-2013,2005-2009}"
1055,Aina Johanne,Nilsen,{2013-2017}
1056,Anne Kathrine,Slungård,"{2013-2017,2009-2013,2001-2005,1997-2001}"
1057,Ann Kathrine,Skjørshammer,"{2013-2017,1997-2001}"
1060,Andreas C.,Halse,{2013-2017}
1061,Anders,Braaten,{2013-2017}
1062,André,Bråthen,{2013-2017}
1063,Anette Stegegjerdet,Norberg,"{2013-2017,2009-2013}"
1064,Ånen,Werdal,{2013-2017}
1065,Anne-Rita,Nicklasson,{2013-2017}
1066,Anne Lene W.,Hojem,{2013-2017}
1067,André,Pedersen,"{2013-2017,2009-2013}"
1068,Audun,Otterstad,{2013-2017}
1069,Are,Helseth,"{2013-2017,2009-2013}"
1071,Arnfinn,Nergård,"{2013-2017,2009-2013,2005-2009}"
1073,Åse-Marie,Småvik,{2013-2017}
1074,Annelin,Tangen,{2013-2017}
1077,Beate,Seljenes,{2013-2017}
1078,Bent,Eriksen,{2013-2017}
1079,Benjamin,Grønvold,{2013-2017}
1080,Bente,Foshaug,{2013-2017}
1081,Britt Giske,Andersen,{2013-2017}
1082,Bjørn,Iddberg,{2013-2017}
1083,Bjørn Erik,Hollevik,{2013-2017}
1084,Benedichte,Limmesand,{2013-2017}
1086,Bjørgulv Sverdrup,Lund,"{2013-2017,2009-2013}"
1088,Berit Nordseth,Moen,{2013-2017}
1089,Børge,Lunde,{2013-2017}
1090,Britt Hansine Egeland,Gulbrandsen,{2013-2017}
1091,Bendik Rød,Karlsson,{2013-2017}
1092,Berit,Solli,{2013-2017}
1094,Bjørg,Tingstad,{2013-2017}
1096,Camilla,Mollatt,{2013-2017}
1097,Christin Guldahl,Madsen,{2013-2017}
1098,Christian,Hemmingsen,{2013-2017}
1099,Christin,Kristoffersen,{2013-2017}
1100,Charlotte Hansen,Søyland,{2013-2017}
1101,Camilla,Williams,{2013-2017}
1102,Dag,Ekelberg,{2013-2017}
1103,Dag Helge,Frøisland,{2013-2017}
1104,Dag Inge,Aarhus,{2013-2017}
1105,Dorthe Kyvik,Bårnes,{2013-2017}
1106,Dag Martin,Bakken,{2013-2017}
1107,Dag Øivind,Henriksen,{2013-2017}
1108,Daniel,Rugaas,{2013-2017}
1109,Dag,Sele,"{2013-2017,2009-2013}"
1110,Einar,Aasen,{2013-2017}
1111,Emil André,Erstad,{2013-2017}
1112,Even Aleksander,Hagen,{2013-2017}
1113,Espen Aaserud,Karlsen,{2013-2017}
1115,Erik Berg,Olsen,{2013-2017}
1116,Erik,Fløan,{2013-2017}
1117,Egil,Koch,{2013-2017}
1118,Eilev,Hegstad,{2013-2017}
1119,Einar,Horvei,"{2013-2017,2009-2013}"
1120,Eirik,Jørstad,{2013-2017}
1121,Erik,Kaupang,{2013-2017}
1123,Eli,Blakstad,"{2013-2017,2005-2009}"
1125,Elisabeth,Løland,{2013-2017}
1126,Elnar Remi,Holmen,{2013-2017}
1127,Embla,Belsvik,{2013-2017}
1129,Emilie,Bersaas,{2013-2017}
1130,Elin Maria,L'Estrange,{2013-2017}
1131,Eirik Nymo,Isaksen,{2013-2017}
1132,Erik Borge,Skei,{2013-2017}
1133,Erik,Lundeby,{2013-2017}
1134,Erik,Øien,{2013-2017}
1135,Eskil,Moen,{2013-2017}
1136,Eskil,Pedersen,{2013-2017}
1137,Elizabeth Toft,Erichsen,{2013-2017}
1138,Ellen,Ugland,"{2013-2017,2009-2013}"
1139,Eva Vinje,Aurdal,"{2013-2017,2009-2013}"
1140,Elisabeth Wickstrøm,Åkredalen,{2013-2017}
1141,Ewa,Hildre,{2013-2017}
1142,Finn-Arild,Bystrøm,"{2013-2017,2009-2013}"
1143,Farahnaz,Bahrami,"{2013-2017,2009-2013}"
1144,Filip,Rygg,"{2013-2017,2009-2013,2005-2009}"
1146,Frank-Tore,Nygård,{2013-2017}
1148,Fredrik,Bjørnebekk-Waagen,"{2013-2017,2009-2013}"
1149,Frode,Helgerud,"{2013-2017,1997-2001}"
1150,Frode,Revhaug,{2013-2017}
1151,Monica,Tjelmeland,{2009-2013}
1152,Frøydis,Sund,"{2013-2017,2009-2013,2005-2009,2001-2005}"
1154,Geir Asle,Stenseth,{2013-2017}
1155,Gunnar,Bakke,"{2013-2017,2005-2009,1997-2001}"
1156,Gerd Eli,Berge,{2013-2017}
1157,Geir,Elsebutangen,{2013-2017}
1158,Gunhild Grande,Stærk,{2013-2017}
1160,Gunnar,Viken,{2013-2017}
1161,Grethe Kristin,Lerum,{2013-2017}
1162,Gunn Karin,Sande,{2013-2017}
1163,Gunn-Marit,Lygre,{2013-2017}
1164,Gretha,Kant,"{2013-2017,2001-2005}"
1165,Grethe Ernø,Johansen,{2013-2017}
1166,Gry-Anette Rekanes,Amundsen,{2013-2017}
1167,Gro Sel,Tveito,"{2013-2017,2009-2013}"
1168,Gry,Haugsbakken,{2013-2017}
1169,Greta Johanne,Solfall,"{2013-2017,2009-2013}"
1171,Gunda Pauline,Johansen,"{2013-2017,2005-2009}"
1172,Hallgeir Ivan,Bremnes,"{2013-2017,2009-2013}"
1173,Harald Eivind,Bakke,{2013-2017}
1174,Håkon,Alstadheim,{2013-2017}
1175,Hans-Jacob,Bønå,{2013-2017}
1177,Hege,Jensen,{2013-2017}
1178,Helge,Eriksen,{2013-2017}
1179,Helge,Hamre,{2013-2017}
1180,Hans Hilding,Hønsvall,"{2013-2017,2001-2005}"
1181,Hilde Hoff,Håkonsen,{2013-2017}
1182,Hilde Margrethe,Gravnås,"{2013-2017,2009-2013}"
1183,Hugo,Bjørnstad,"{2013-2017,2001-2005}"
1184,Hanne Kvifte,Andresen,{2013-2017}
1186,Hans Petter Wahl,Adolfsen,{2013-2017}
1188,Helge,Sandåker,{2013-2017}
1189,Hallvard,Surlien,{2013-2017}
1190,Helge,Thorheim,{2013-2017}
1191,Hanne Therese,Myhrer,"{2013-2017,2009-2013}"
1193,Harald,Tronvik,{2013-2017}
1194,Håkon,Helgøy,{2013-2017}
1197,Ida,Stuberg,{2013-2017}
1198,Ingunn,Engelsvoll,{2013-2017}
1199,Ingunn,Gjerstad,"{2013-2017,2005-2009}"
1201,Ida Kristine,Teien,"{2013-2017,2009-2013}"
1203,Ingrid Marie Vaag,Endrerud,{2013-2017}
1204,Ingrid Margrete,Hillestad,{2013-2017}
1205,Iren,Opdahl,{2013-2017}
1206,Ingebjørg Ribe,Rudihagen,{2013-2017}
1207,Ingvild Stakkevold,Reymert,{2013-2017}
1208,Ivar,Leveraas,"{2013-2017,2009-2013}"
1209,Ivar,Tangeraas,{2013-2017}
1211,Jan Egil,Halbjørhus,{2013-2017}
1212,Jan Inge,Kaspersen,{2013-2017}
1213,Christel,Gundelach,"{2013-2017,2005-2009}"
1214,Jan,Blomseth,"{2013-2017,2009-2013,2005-2009}"
1215,Jørn,Christensen,{2013-2017}
1217,Jenny,Følling,{2013-2017}
1218,Jonn Gunnar,Lislelid,{2013-2017}
1219,Johnny,Ingebrigtsen,"{2013-2017,2005-2009}"
1221,Jørand Ødegård,Lunde,"{2013-2017,2009-2013,2005-2009,2001-2005}"
1222,Jonas Sørum,Nymo,{2013-2017}
1223,John K.,Holvik,"{2013-2017,2009-2013}"
1224,Jon-Olav,Strand,"{2013-2017,2001-2005,1997-2001}"
1225,Jan,Sigbjørnsen,"{2013-2017,2009-2013}"
1226,James,Stove Lorentzen,{2013-2017}
1228,Julie Eide,Solbakken,{2013-2017}
1229,Kari,Seljelid,{2013-2017}
1231,Katrine,Solberg,{2013-2017}
1233,Knut Falk,Qvigstad,{2013-2017}
1234,Khamshajiny,Gunaratnam,{2013-2017}
1235,Håvard,Jensen,{2013-2017}
1236,Kirsti,Dale,{2013-2017}
1237,Kjartan Alexander,Lunde,{2013-2017}
1238,Kjersti,Stenseng,{2013-2017}
1239,Karen Anne,Kjendlie,"{2013-2017,2005-2009}"
1240,Kåre Ludwig,Jørgensen,{2013-2017}
1241,Kjell,Lode,{2013-2017}
1242,Knut,Moe,{2013-2017}
1243,Kjell,Neergaard,{2013-2017}
1244,Knut,Gjerde,"{2013-2017,2005-2009,2001-2005,1997-2001}"
1245,Knut,Espeland,{2013-2017}
1247,Knut O.,Eldhuset,{2013-2017}
1248,Kari,Raustein,{2013-2017}
1249,Kjetil,Reinskou,{2013-2017}
1250,Kåre Ragnar,Helland,{2013-2017}
1251,Kristian,Norheim,{2013-2017}
1254,Kåre,Solberg,{2013-2017}
1255,Kristian Støback,Wilhelmsen,{2013-2017}
1256,Laila,Davidsen,"{2013-2017,2009-2013}"
1257,Laila,Gustavsen,"{2013-2017,2009-2013,2005-2009,2001-2005}"
1258,Lasse Nordmelan,Juliussen,"{2013-2017,2009-2013}"
1259,Latifa,Nasser,{2013-2017}
1260,Lara,Rashid,{2013-2017}
1261,Lise Mari,Bjerknesli,{2013-2017}
1262,Leif Christian,Andersen,{2013-2017}
1263,Lene,Langemyr,{2013-2017}
1266,Lina,Bringsli,{2013-2017}
1267,Linda,Verdal,"{2013-2017,2009-2013}"
1268,Lisbeth Von Erpecom,Vikse,{2013-2017}
1269,Livar,Veggeland,{2013-2017}
1270,Lars,Rise,"{2013-2017,2001-2005,1997-2001}"
1271,Louis Seberg,Edvardsen,{2013-2017}
1272,Lill Therese Sandvik,Solvi,{2013-2017}
1273,Line Kysnes,Vennesland,"{2013-2017,2009-2013}"
1275,Maiken,Messel,{2013-2017}
1276,Marianne,Øren,{2013-2017}
1277,Marvin,Wiseth,{2013-2017}
1278,Martin Bast,Sørsdal,{2013-2017}
1280,Mette,Hanekamhaug,"{2013-2017,2009-2013}"
1281,Mathias,Fischer,{2013-2017}
1282,Marianne Grimstad,Hansen,{2013-2017}
1283,Magnus,Mæland,{2013-2017}
1285,Monika,Sande,{2013-2017}
1286,Marianne S.,Bjorøy,{2013-2017}
1287,Norvald,Illevold,{2013-2017}
1288,Nina,Mjøberg,"{2013-2017,2009-2013,2005-2009}"
1289,Nils Michael Nilsson,Ramsøy,{2013-2017}
1290,Marianne,Nørstrud,{2013-2017}
1291,Øyvind,Berntsen,{2013-2017}
1292,Odd,Bovim,{2013-2017}
1294,Oda Marie Sagør,Stølen,{2013-2017}
1296,Ole Trygsland,Hoelseth,{2013-2017}
1297,Oliver,Husøy,{2013-2017}
1298,Olav Ingebjørn,Moe,{2013-2017}
1299,Ole Johan,Vierdal,{2013-2017}
1300,Ola,Kvisgaard,{2013-2017}
1301,Olbjørn,Kvernberg,{2013-2017}
1302,Oddvar,Østreim,{2013-2017}
1303,Olav Magnar,Tønsberg,"{2013-2017,2009-2013,2005-2009}"
1304,Øystein,Djupvik,{2013-2017}
1307,Peter N.,Myhre,"{2013-2017,2009-2013,2005-2009,2001-2005}"
1309,Per Fossen,Hals,{2013-2017}
1310,Peter Jan Henrik,Kuran,"{2013-2017,2001-2005}"
1311,Pål Kasper,Gabrielsen,{2013-2017}
1312,Per,Munkerud,{2013-2017}
1313,Per Olav Skurdal,Hopsø,{2013-2017}
1315,Prableen,Kaur,{2013-2017}
1316,Per Roger,Vikten,{2013-2017}
1317,Pål Yasin,Ezzari,{2013-2017}
1318,Rannveig Kvifte,Andresen,"{2013-2017,2009-2013,2005-2009}"
1319,Randi,Bergundhaugen,{2013-2017}
1321,Runar,Bålsrud,{2013-2017}
1322,Reine,Cihiluka,{2013-2017}
1323,Richard,Dagsvik,{2013-2017}
1324,Ragnar,Nordgreen,"{2013-2017,2009-2013,2005-2009}"
1325,Rita,Ottervik,"{2013-2017,2009-2013}"
1326,Reidar,Lindseth,{2013-2017}
1327,Roald Aga,Haug,"{2013-2017,2009-2013}"
1328,Ronny,Berg,{2013-2017}
1329,Roger,Hustad,{2013-2017}
1330,Roger,Valhammer,{2013-2017}
1331,Roy,Bjurholt,{2013-2017}
1332,Ruth Evy,Berglyd,{2013-2017}
1333,Rangdi,Krogstad,"{2013-2017,2001-2005}"
1335,Steinar,Berthelsen,"{2013-2017,2009-2013}"
1336,Sigrid Brattabø,Handegard,"{2013-2017,2005-2009}"
1337,Siw,Bleikvassli,{2013-2017}
1338,Sentoorvasan,Singaravel,{2013-2017}
1339,Seynab,Mohamud,{2013-2017}
1340,Silje,Guleng,{2013-2017}
1341,Simen,Nord,{2013-2017}
1342,Siri,Engesæth,{2013-2017}
1343,Siv,Høgtun,{2013-2017}
1344,Serine,Jonassen,{2013-2017}
1345,Sissel Knutsen,Hegdal,"{2013-2017,2009-2013}"
1349,Sidsel,Sæterøy,{2013-2017}
1350,Steinar,Gullvåg,"{2013-2017,2009-2013,2005-2009}"
1351,Staale Grude,Haaland,{2013-2017}
1352,Steffen,Jakobsen,{2013-2017}
1353,Sven Tore,Løkslid,{2013-2017}
1354,Susanne,Kristiansen,{2013-2017}
1355,Svein,Abrahamsen,{2013-2017}
1356,Svein Håvar,Korshavn,{2013-2017}
1358,Tor,Bremer,"{2013-2017,2009-2013,2001-2005}"
1359,Tom Cato,Karlsen,{2013-2017}
1360,Torbjørn,Dybsand,"{2013-2017,2009-2013,2001-2005}"
1361,Tom Erik,Hauger,"{2013-2017,1997-2001}"
1362,Terje Østebø,Eikin,{2013-2017}
1363,Thorstein,Dyrstad,{2013-2017}
1364,Thomas,Johansen,{2013-2017}
1365,Tor Inge,Hoaas,{2013-2017}
1366,Tina Elise,Wilcox,{2013-2017}
1368,Thor,Lillehovde,"{2013-2017,2009-2013,1997-2001}"
1369,Tor Arne Bell,Ljunggren,{2013-2017}
1371,Tone,Damsleth,{2013-2017}
1372,Tor Erling,Sæthre,{2013-2017}
1373,Tom E. B.,Holthe,{2013-2017}
1374,Torhild,Aarbergsbotten,"{2013-2017,2009-2013}"
1375,Toril,Berge,{2013-2017}
1376,Tove,Alstadsæter,{2013-2017}
1377,Trond Henry,Blattmann,{2013-2017}
1379,Trine Synnøve,Hallem,{2013-2017}
1380,Truls,Wickholm,"{2013-2017,2009-2013,2005-2009}"
1381,Trine Hilmer,Syvertsen,{2013-2017}
1382,Tone-Helen,Toften,{2013-2017}
1383,Thore,Vestby,"{2013-2017,2009-2013}"
1384,Unn Therese,Omdal,"{2013-2017,2005-2009}"
1385,Vilde Følling,Folland,{2013-2017}
1386,Vegard Grøslie,Wennesland,{2013-2017}
1387,Vilde,Danielsen,{2013-2017}
1388,Veronica Pedersen,Åsheim,{2013-2017}
1389,Wenche A. S.,Bjerke,{2013-2017}
1390,Wenche Elin,Solli,{2013-2017}
1391,Wenche Jansen,Tveitan,{2013-2017}
1392,Wenche Kristin Haug,Almestrand,{2013-2017}
1393,Wenche,Olsen,"{2013-2017,2009-2013}"
1395,Frode Knutzen,Midtlund,"{2013-2017,2009-2013}"
1397,Sigmund,Steinnes,{2013-2017}
1398,Alf,Bakkland,{2009-2013}
1399,Abdisamed,Mohamed,{2009-2013}
1400,Akhtar,Chaudhry,"{2009-2013,2005-2009,2001-2005}"
1402,Anne Kristine,Eikebråten,{2009-2013}
1403,Anne Elisabeth,Naper,"{2009-2013,1997-2001}"
1404,Ann-Kristin,Engstad,"{2009-2013,2005-2009}"
1407,Agnar,Hansen,{2009-2013}
1408,Alvhild,Hedstein,"{2009-2013,2005-2009}"
1409,Anne June,Iversen,{2009-2013}
1410,Allan,Johansen,{2009-2013}
1413,Ann-Hege,Lervåg,"{2009-2013,2005-2009}"
1414,Anne Gulvik,Holmsen,"{2009-2013,2001-2005}"
1417,Anne Gro,Olafsen,"{2009-2013,2005-2009}"
1418,Arne,Opsahl-Engen,{2009-2013}
1419,Anita,Orlund,"{2009-2013,2005-2009,2001-2005,1997-2001}"
1420,Amir,Payan,{2009-2013}
1421,Aud,Mork,{2009-2013}
1422,Arne Mærk,Ersvik,{2009-2013}
1423,Arne L.,Haugen,"{2009-2013,2005-2009}"
1424,Aslaug,Hellesøy,{2009-2013}
1425,Astrid,Nygård,{2009-2013}
1426,Ann-Mari,Sund,{2009-2013}
1427,Aud Karin,Oen,"{2009-2013,2005-2009,2001-2005}"
1428,Bård,Langsåvold,"{2009-2013,2005-2009}"
1429,Brage,Baklien,{2009-2013}
1430,Bente,Bjerknes,{2009-2013}
1431,Berit,Ellingvåg,{2009-2013}
1432,Benedikte,Figenschou,{2009-2013}
1434,Berit,Kittelsen,{2009-2013}
1435,Benedikte Elisabeth,Tollefsen-Minos,"{2009-2013,2005-2009,2001-2005}"
1436,Bent Inge,Bye,"{2009-2013,1997-2001}"
1437,Bjørn Inge,Mo,{2009-2013}
1438,Bjarne,Holme,{2009-2013}
1439,Bjørn,Engen,{2009-2013}
1440,Bjørn,Seljestad,{2009-2013}
1441,Bjørn Magne,Langkås,"{2009-2013,2005-2009,2001-2005}"
1442,Brede,Bøe,{2009-2013}
1443,Britt,Homstvedt,{2009-2013}
1444,Brigt,Samdal,{2009-2013}
1445,Bjørn,Sæstad,{2009-2013}
1447,Bård Folke,Fredriksen,{2009-2013}
1448,Cine Finstad,Austnes,{2009-2013}
1449,Christina Nilsson,Ramsøy,{2009-2013}
1450,Camilla Storøy,Hermansen,{2009-2013}
1451,Daniel,Bjarmann-Simonsen,{2009-2013}
1453,Dag-Egil,Bull Sletholt,{2009-2013}
1455,Dag Helge,Hellen,{2009-2013}
1457,Elisabeth,Aaserød,{2009-2013}
1458,Eirik Dåstøl,Langeland,{2009-2013}
1459,Edvard,Mæland,"{2009-2013,2001-2005}"
1460,Erlend,Fuglum,"{2009-2013,2005-2009}"
1461,Egil,Hestnes,"{2009-2013,2001-2005}"
1462,Eirik Garnes,Lunde,{2009-2013}
1463,Egil,Nedal,{2009-2013}
1464,Eivind,Nævdal-Bolstad,{2009-2013}
1465,Einar,Almaas,{2009-2013}
1466,Eirik,Haga,{2009-2013}
1467,Eivind,Saga,{2009-2013}
1468,Espen Granberg,Johnsen,"{2009-2013,2005-2009,2001-2005}"
1469,Ellen Marie,Solheim,{2009-2013}
1470,Endre,Skjervø,"{2009-2013,2005-2009,2001-2005}"
1471,Eli Hovd,Prestegården,{2009-2013}
1472,Eskil Dahl,Olaussen,{2009-2013}
1473,Espen,Espeset,"{2009-2013,2005-2009}"
1474,Espen Agøy,Hegge,"{2009-2013,2005-2009}"
1475,Elizabeth,Skogrand,{2009-2013}
1476,Ellen Sofie,Solbrække,{2009-2013}
1477,Eivind,Torvik,{2009-2013}
1478,Ellinor Therese,Kreybu,{2009-2013}
1479,Eva Marie,Halvorsen,{2009-2013}
1480,Eva,Ottesen,{2009-2013}
1481,Even,Westerveld,{2009-2013}
1482,Frode Magnar,Ingvaldstad,{2009-2013}
1483,Fredrick,Makosir,{2009-2013}
1484,Frode Falch,Anmarkrud,"{2009-2013,2005-2009}"
1485,Fredrik,Sletbakk,{2009-2013}
1486,Frithjof,Vassbø,{2009-2013}
1487,Fred Willy Bakke,Aamelfot,{2009-2013}
1488,Gro Bratteli,Jamholt,"{2009-2013,2005-2009}"
1489,Geir Allan,Stava,{2009-2013}
1491,Gerd-Berit,Odberg,{2009-2013}
1494,Gunnar,Kongsrud,{2009-2013}
1495,Geirmund,Lykke,{2009-2013}
1496,Gunnar Owe,Gundersen,"{2009-2013,2005-2009}"
1498,Grete,Ellingsen,{2009-2013}
1499,Gro,Lundby,{2009-2013}
1500,Gard Erling,Schømer,{2009-2013}
1501,Geir,Smeby,{2009-2013}
1502,Gunn Marit,Helgesen,"{2009-2013,2005-2009,2001-2005,1997-2001}"
1503,Gunn Randi,Fjæstad,{2009-2013}
1505,Håkon,Haugli,{2009-2013}
1506,Hanne,Lyssand,{2009-2013}
1507,Halvar,Rønneberg,{2009-2013}
1508,Hanne,Braathen,{2009-2013}
1509,Harald,Larssen,{2009-2013}
1510,Heidi Berre,Paulsen,{2009-2013}
1511,Helene,Barkved,{2009-2013}
1512,Heidi,Sørensen,"{2009-2013,2005-2009,2001-2005}"
1513,Helen,Talleraas,{2009-2013}
1515,Helge,Fossum,{2009-2013}
1517,Hiam,Al-Chirout,{2009-2013}
1518,Helga,Opsett,{2009-2013}
1519,Hanne Maren,Blåfjelldal,"{2009-2013,2005-2009}"
1520,Hege Merethe,Gagnat,{2009-2013}
1522,Heidi,Ørnlo,{2009-2013}
1523,Herold,Paulsen,{2009-2013}
1524,Heidi M. T.,Runningen,{2009-2013}
1525,Hans,Seierstad,"{2009-2013,2001-2005}"
1527,Harald Victor,Hove,"{2009-2013,2005-2009}"
1528,Ivar,Skulstad,"{2009-2013,2005-2009}"
1529,Ida Marie,Holen,{2009-2013}
1530,Ismail Salad,Elmi,{2009-2013}
1531,Ingunn E.,Ulfsten,{2009-2013}
1532,Irene Henriksen,Aune,{2009-2013}
1533,Inge Hallgeir,Solli,"{2009-2013,2005-2009}"
1534,Inger Johanne,Bjørnstad,{2009-2013}
1536,Ingolf,Paller,{2009-2013}
1538,Inger-Brit,Vindegg,{2009-2013}
1540,Ivar,Vigdenes,{2009-2013}
1541,Jacob,Nødseth,{2009-2013}
1542,Jarle,Andreassen,{2009-2013}
1543,Jørn-Cato,Angell,{2009-2013}
1544,Janne,Evenhus,{2009-2013}
1545,Janne Haaland,Matlary,{2009-2013}
1546,Jonni Helge,Solsvik,{2009-2013}
1547,Jane,Solbrekken-Nygård,{2009-2013}
1548,Johan Lund,Furunes,{2009-2013}
1549,Jon Øyvind,Odland,"{2009-2013,2005-2009}"
1550,Joar Olav,Grøtting,{2009-2013}
1551,Jørgen,Olsen,"{2009-2013,2005-2009}"
1553,Jorun Kristine,Lundemo,{2009-2013}
1554,Joseph,Salomonsen,{2009-2013}
1555,Johannes,Rindal,"{2009-2013,2005-2009}"
1556,John Anders,Røse,{2009-2013}
1557,John,Thune,"{2009-2013,2005-2009,2001-2005}"
1558,Kari,Agerup,{2009-2013}
1559,Kari Martine Kolbræk,Ask,{2009-2013}
1560,Karin Kirsti Bakklund,Bjørkhaug,"{2009-2013,2005-2009}"
1561,Kjell Børre,Hansen,{2009-2013}
1562,Kåre,Fostervold,"{2009-2013,2005-2009}"
1563,Karl,Gjedrem,{2009-2013}
1564,Karstein,Golten,{2009-2013}
1565,Knut,Gravråk,"{2009-2013,2005-2009}"
1567,Khalid,Mahmood,"{2009-2013,2005-2009}"
1568,Karianne,Hansen,{2009-2013}
1569,Kjell Magne,Veivåg,{2009-2013}
1570,Kristoffer,Kanestrøm,{2009-2013}
1571,Kjetil Klakegg,Bergheim,{2009-2013}
1572,Karin Tønder,Knutsen,"{2009-2013,2005-2009}"
1573,Karine,Skaret,{2009-2013}
1574,Knut,Fagerbakke,{2009-2013}
1575,Knut Magnus,Olsen,"{2009-2013,2005-2009}"
1576,Kirsten Olava,Hofstad,{2009-2013}
1577,Knut Petter,Torgersen,"{2009-2013,2005-2009}"
1578,Kristiane,Berg,{2009-2013}
1579,Kristian Dahlberg,Hauge,"{2009-2013,2005-2009,2001-2005}"
1580,Kristine,Kvam,{2009-2013}
1581,Knut,Sjømæling,{2009-2013}
1582,Kari,Storstrand,{2009-2013}
1583,Kjell Arvid,Svendsen,"{2009-2013,2005-2009}"
1585,Karin,Yrvin,"{2009-2013,2005-2009,2001-2005}"
1586,Lars,Egeland,"{2009-2013,2005-2009,2001-2005}"
1588,Laila,Thorsen,{2009-2013}
1589,Lars Bjarne,Tvete,{2009-2013}
1590,Lene Cecilie,Mathisen,{2009-2013}
1592,Lars Erik,Ødegården,{2009-2013}
1593,Lars,Groth,"{2009-2013,2001-2005}"
1594,Lars Joakim,Hanssen,"{2009-2013,2005-2009}"
1595,Liv,Hauknes,{2009-2013}
1596,Linda,Holien,{2009-2013}
1598,Linda Karlsen,Duffy,{2009-2013}
1599,Lasse Kinden,Endresen,{2009-2013}
1600,Liv,Løberg,"{2009-2013,2001-2005}"
1601,Line Miriam,Sandberg,"{2009-2013,2005-2009}"
1603,Lotte Grepp,Knutsen,{2009-2013}
1604,Lars Peder,Nordbakken,{2009-2013}
1605,Line Skøii,Vennesland,"{2009-2013,2005-2009,1997-2001}"
1606,Leif,Eriksen,"{2009-2013,2005-2009}"
1607,Magnhild,Eia,"{2009-2013,2005-2009,2001-2005,1997-2001}"
1608,Marit,Amundsen,{2009-2013}
1609,Marit,Bals,{2009-2013}
1610,May Britt,Topland,{2009-2013}
1611,Morten,Drægni,"{2009-2013,2005-2009}"
1612,Magnus,Ellingsen,{2009-2013}
1613,Mette,Nord,"{2009-2013,2005-2009}"
1614,Monica,Finden,{2009-2013}
1615,Marion Gunstveit,Bojanowski,{2009-2013}
1616,Marie-Theres H.,Kolnes,{2009-2013}
1617,Michael Almvik,Meyer,{2009-2013}
1618,Marit Granhus,Kringlebotn,{2009-2013}
1619,Mari Lund,Arnem,{2009-2013}
1620,May Britt,Lunde,"{2009-2013,2005-2009,1997-2001}"
1622,Marit Neerland,Hopshaug,{2009-2013}
1623,Mohammed,Lazreg,{2009-2013}
1624,Monica,Klette,"{2009-2013,2005-2009,2001-2005}"
1625,Mona,Strand,{2009-2013}
1627,Magnus,Skretting,{2009-2013}
1628,Marita S.,Solaas,{2009-2013}
1629,Nicolai Alexander,Kirkeng,{2009-2013}
1630,Nina,Eltervåg,{2009-2013}
1631,Nina,Kristiansen,{2009-2013}
1632,Nina,Galta,{2009-2013}
1633,Nils Isak,Myklebust,"{2009-2013,2001-2005}"
1634,Odin Adelsten,Bohmann,{2009-2013}
1635,Odd,Mortensen,{2009-2013}
1636,Ole Gustav,Narud,{2009-2013}
1637,Oddvar Hallset,Reiakvam,"{2009-2013,2005-2009}"
1638,Ole Kristoffer,Tveiten,{2009-2013}
1639,Ola,Braanaas,{2009-2013}
1640,Odd,Gullberg,{2009-2013}
1641,Ole Johnny,Stavn,{2009-2013}
1643,Ove,Gundersen,{2009-2013}
1646,Pål,Forbergskog,{2009-2013}
1648,Pournima Namdeo,Patil,"{2009-2013,2005-2009}"
1650,Peter,Ørebech,{2009-2013}
1651,Ragnhild Aarflot,Kalland,"{2009-2013,2005-2009,2001-2005}"
1652,Ranjith,Molegoda,{2009-2013}
1653,Ragnhild,Stolt-Nielsen,{2009-2013}
1655,Reidar,Gullesen,{2009-2013}
1656,Remi,Iversen,{2009-2013}
1657,Rita,Navarsete,{2009-2013}
1658,Randi Iren,Rettedal,"{2009-2013,2005-2009}"
1659,Rikke,Kjølen,{2009-2013}
1660,Robin Martin,Kåss,{2009-2013}
1661,Randi,Ness,{2009-2013}
1662,Roar,Steinslien,{2009-2013}
1663,Rosalind,Fosse,{2009-2013}
1664,Rolf,Steffensen,{2009-2013}
1665,Ronny,Røste,"{2009-2013,2005-2009,1997-2001}"
1666,Ruth,Birkeland,{2009-2013}
1667,Rune,Bakervik,{2009-2013}
1668,Rune,Meier,{2009-2013}
1669,Rune,Øygarden,{2009-2013}
1671,Sandra,Strandos,{2009-2013}
1672,Solfrid,Borge,{2009-2013}
1673,Sverre,Bugge,"{2009-2013,2005-2009}"
1674,Signy,Grape,{2009-2013}
1675,Sølvi Gjerdal,Thomassen,{2009-2013}
1676,Svein-Helge,Hanken,{2009-2013}
1677,Siri Hov,Eggen,"{2009-2013,2001-2005}"
1678,Sigrid,Engenes,{2009-2013}
1679,Sigmund,Hagen,"{2009-2013,2001-2005}"
1680,Siri,Klokkerstuen,{2009-2013}
1681,Sissel,Larsen,{2009-2013}
1682,Siv-Len,Strandskog,{2009-2013}
1683,Stein,Knutsen,"{2009-2013,2005-2009}"
1684,Steinar,Kristiansen,{2009-2013}
1685,Stein Roger,Nilsen,{2009-2013}
1686,Sonja,Edvardsen,{2009-2013}
1688,Solveig Kopperstad,Bratseth,"{2009-2013,2005-2009,2001-2005}"
1690,Solveig,Rindhølen,"{2009-2013,2005-2009}"
1691,Solveig Annette,Røvik,{2009-2013}
1692,Siv Aida Rui,Skattem,{2009-2013}
1693,Sturla,Sørgaard,{2009-2013}
1694,Steinar,Amundsen,"{2009-2013,2005-2009}"
1695,Ståle,Vaag,{2009-2013}
1696,Steinulf,Tungesvik,{2009-2013}
1697,Stian Tvede,Karlsen,{2009-2013}
1699,Sunniva Ihle,Steinstad,"{2009-2013,2005-2009}"
1701,Tor André,Ljosland,{2009-2013}
1702,Tomas C.,Archer,{2009-2013}
1704,Tone-Beathe,Øvrevoll,{2009-2013}
1705,Terje,Erlandsen,{2009-2013}
1707,Terje,Olsen,{2009-2013}
1708,Thor-Erling,Engemyr,{2009-2013}
1709,Trygve,Westgård,{2009-2013}
1711,Thrond,Gjelseth,{2009-2013}
1712,Thomas,Olsen,{2009-2013}
1713,Tove Linnea,Brandvik,"{2009-2013,2005-2009}"
1714,Torstein,Lerhol,{2009-2013}
1715,Tone Lise,Nilsen,{2009-2013}
1716,Tina Nasha Sankei,Skogmo,{2009-2013}
1718,Torunn Austdal,Rasmussen,{2009-2013}
1719,Tone,Liljeroth,{2009-2013}
1720,Tor Erik,Jensen,{2009-2013}
1722,Tone,Ravnås,{2009-2013}
1723,Tone Helene,Strat,"{2009-2013,2005-2009}"
1724,Torgeir,Dahl,{2009-2013}
1725,Torill,Vebenstad,{2009-2013}
1728,Truls,Gjefsen,{2009-2013}
1729,Trude,Holm,{2009-2013}
1730,Torleiv Ole,Rognum,{2009-2013}
1731,Trond,Røed,{2009-2013}
1732,Tommy,Sarnes,{2009-2013}
1733,Trond,Seth,{2009-2013}
1734,Tom Strømstad,Olsen,"{2009-2013,2005-2009}"
1735,Tom,Staahle,"{2009-2013,2005-2009}"
1736,Turid Spangen,Wilhelmsen,{2009-2013}
1737,Iren Almvik,Meyer,{2009-2013}
1738,Thore,Westermoen,"{2009-2013,2005-2009,1997-2001}"
1740,Viggo,Fossum,{2009-2013}
1741,Vibeke,Stjern,{2009-2013}
1743,Willy,Pedersen,{2009-2013}
1744,Wenche Haffnes,Andersen,"{2009-2013,2005-2009}"
1745,Wenche Snildalsli,Vuttudal,{2009-2013}
1748,Arild,Alfredsen,{2005-2009}
1750,Anne Berit,Andersen,"{2005-2009,2001-2005,1997-2001}"
1751,Anne Kari,Birkeland,{2005-2009}
1752,Anne-Mari,Aalberg,{2005-2009}
1754,Anne Grethe Fremgaard,Kvitberg,"{2005-2009,2001-2005}"
1756,Arnfinn,Andreassen,{2005-2009}
1757,Anniken,Holtnæs,{2005-2009}
1758,Astrid,Bekkenes,{2005-2009}
1759,Annikken Kjær,Haraldsen,{2005-2009}
1760,Anton Leier,Dahl,{2005-2009}
1761,Andreas M.,Lervik,"{2005-2009,2001-2005}"
1762,Alf E.,Jakobsen,"{2005-2009,2001-2005}"
1763,Anders,Mjelde,{2005-2009}
1764,Anna Ceselie Brustad,Moe,{2005-2009}
1765,Andreas,Hamnes,{2005-2009}
1766,Anders,Krane,"{2005-2009,2001-2005}"
1767,Ann Merete,Furuberg,"{2005-2009,2001-2005}"
1769,Anne,Berger,{2005-2009}
1770,Anne-Cecilie,Kaltenborn,{2005-2009}
1771,Arnt Ove,Hopland,{2005-2009}
1772,Anita,Østby,{2005-2009}
1773,Arnt Arild,Gåsland,{2005-2009}
1774,Anne Lise,Ryel,{2005-2009}
1776,Arne,Sekkelsten,{2005-2009}
1777,Åshild,Tungen,{2005-2009}
1778,Arnt-Helge S.,Johansen,{2005-2009}
1780,Arne,Storhaug,"{2005-2009,2001-2005}"
1781,Aisa,Fredh,{2005-2009}
1782,Audun,Blegen,"{2005-2009,2001-2005}"
1783,Aud,Kvalbein,"{2005-2009,2001-2005}"
1784,Audun,Rødningsby,{2005-2009}
1785,Anette Wiig,Bryn,{2005-2009}
1787,Bente,Bondhus,{2005-2009}
1788,Beate Heieren,Hundhammer,"{2005-2009,2001-2005,1997-2001}"
1789,Berit,Stormoen,{2005-2009}
1792,Bijan,Gharahkhani,{2005-2009}
1794,Bjørg Jansen,Mikalsen,{2005-2009}
1795,Bjørg-Irene,Østrem,{2005-2009}
1796,Bjørg,Riksfjord,"{2005-2009,2001-2005}"
1799,Bjarne,Kvadsheim,{2005-2009}
1800,Bjørg,Sandal,{2005-2009}
1801,Bjørn Sturla,Odden,{2005-2009}
1802,Bjarne,Steen,"{2005-2009,2001-2005}"
1803,Bjørg Tysdal,Moe,{2005-2009}
1804,Benedicte Thu,Nørgaard,{2005-2009}
1805,Cathrin,Bretzeg,{2005-2009}
1806,Charles,Mortensen,"{2005-2009,2001-2005}"
1807,Christoffer Horsfjord,Nilsen,"{2005-2009,2001-2005,1997-2001}"
1808,Christina,Hætta,{2005-2009}
1809,Cecilie Thaule,Løvlid,{2005-2009}
1810,Dagfinn,Sundsbø,"{2005-2009,2001-2005,1997-2001}"
1811,Dag Henrik,Sandbakken,{2005-2009}
1812,Dag,Mysen,{2005-2009}
1813,Dag,Vige,{2005-2009}
1814,Eli Årdal,Berland,{2005-2009}
1815,Ellen,Alfsen,"{2005-2009,2001-2005}"
1816,Elsa,Erland,{2005-2009}
1817,Elisabeth Eide,Tharaldsen,{2005-2009}
1818,Eli,Hanserud,{2005-2009}
1819,Erlend,Helle,{2005-2009}
1820,Eli,Høsøien,"{2005-2009,1997-2001}"
1821,Eivind Norman,Borge,{2005-2009}
1822,Einar,Lutro,{2005-2009}
1823,Edd,Wikhaug,{2005-2009}
1824,Eva,Ulland,{2005-2009}
1825,Elin,Frønsdal,{2005-2009}
1826,Elin Hetland,Mong,{2005-2009}
1827,Elin Merete,Førde,{2005-2009}
1828,Ellen Marie,Tangen,{2005-2009}
1829,Ellen,Samuelsen,{2005-2009}
1831,Espen Torsteinsbø,Hansen,{2005-2009}
1832,Espen,Villanger,{2005-2009}
1833,Eva,Bjøreng,{2005-2009}
1834,Eva Jeanette,Sandøy,{2005-2009}
1836,Eyolf,Bakke,"{2005-2009,2001-2005}"
1837,Frøydis,Austigard,{2005-2009}
1839,Frode,Berge,{2005-2009}
1840,Fatima Valdes,Haugstveit,{2005-2009}
1841,Grethe,Aasgaard,"{2005-2009,2001-2005,1997-2001}"
1842,Gunn Berit,Gjerde,{2005-2009}
1843,Gjertrud Elvseter,Eggen,{2005-2009}
1844,Georg,Indrevik,"{2005-2009,2001-2005}"
1845,Geir,Knutsen,{2005-2009}
1846,Gunhild Fundlid,Brevig,{2005-2009}
1847,Guro Sæter,Hollingsholm,{2005-2009}
1848,Gunn Irene,Kjenstad,{2005-2009}
1850,Grethe,Lunde,{2005-2009}
1851,Gunnar,Hynne,{2005-2009}
1852,Gunnar,Osland,{2005-2009}
1853,Gry,Larsen,"{2005-2009,1997-2001}"
1854,Gro,Skartveit,{2005-2009}
1856,Gunnar,Skjellvik,{2005-2009}
1857,Hanne,Them-Enger,{2005-2009}
1858,Torleif,Haugland,{2005-2009}
1859,Harald,Valved,{2005-2009}
1860,Helge,Haukeland,{2005-2009}
1861,Helge,Gårdsvoll,{2005-2009}
1862,Henrik Gottfries,Kierulf,{2005-2009}
1863,Hilde-Gunn,Bjelde,{2005-2009}
1864,Hilde,Thorkildsen,{2005-2009}
1865,Hilde,Grønhovd,{2005-2009}
1866,Hans J.,Eriksen,{2005-2009}
1867,Heidi,Larssen,"{2005-2009,2001-2005}"
1869,Hege,Otterholm,{2005-2009}
1870,Hans Gjeisar,Kjæstad,"{2005-2009,2001-2005,1997-2001}"
1871,Henrik Viborg,Lindstøl,{2005-2009}
1872,Ida Løken,Killie,{2005-2009}
1873,Inga,Fjeldsgaard,{2005-2009}
1874,Iver G.,Nordseth,"{2005-2009,1997-2001}"
1876,Ingrid I.,Opedal,"{2005-2009,2001-2005}"
1877,Ida-May Lea,Hagen,{2005-2009}
1878,Ingvar Torsvik,Myrvollen,"{2005-2009,2001-2005}"
1879,Ingmar,Ljones,"{2005-2009,2001-2005}"
1882,Inger-Lill,Portaasen,{2005-2009}
1883,Ingvild Vaggen,Malvik,"{2005-2009,2001-2005}"
1884,Irene,Øyangen,{2005-2009}
1885,Ida Karine,Solheim,"{2005-2009,2001-2005}"
1887,Ingrid,Skårmo,{2005-2009}
1888,Inger Marie,Tørresdal,{2005-2009}
1889,Ivar,Hognestad,{2005-2009}
1890,John Ole,Aspli,{2005-2009}
1891,Jannicke Haugan,Vikse,{2005-2009}
1892,Jan,Torset,{2005-2009}
1893,Jarl Birger,Høva,{2005-2009}
1894,Jan Christian,Kolstø,{2005-2009}
1895,Jeanette,Hoel,{2005-2009}
1896,Jan Fredrik,Vogt,{2005-2009}
1897,Jostein,Havnerås,"{2005-2009,1997-2001}"
1898,Jan,Harsem,{2005-2009}
1899,Jack,Jensen,{2005-2009}
1900,John-Ragnar,Aarset,"{2005-2009,2001-2005}"
1901,Jorunn K. Eide,Kirketeig,{2005-2009}
1902,Jørund,Leknes,"{2005-2009,2001-2005}"
1903,Jennie Nicola,Johnsen,{2005-2009}
1905,John Peter,Hernes,{2005-2009}
1906,Johnny,Hult,"{2005-2009,2001-2005}"
1907,Jan Rudy,Kristensen,{2005-2009}
1909,Johanne,Skjølberg,{2005-2009}
1910,Jens,Sveaass,{2005-2009}
1911,John Trygve,Tollefsen,{2005-2009}
1912,Karima,Abd-Daif,{2005-2009}
1914,Kjellaug Ekse,Brekkhus,{2005-2009}
1915,Kjell Erik,Øie,{2005-2009}
1916,Kari Haugen,Pettersen,{2005-2009}
1917,Kirsten,Hasvoll,{2005-2009}
1918,Kjell-Are,Johansen,{2005-2009}
1919,Kjetil,Balog,{2005-2009}
1920,Kjell Runar,Evju,{2005-2009}
1921,Kjell Emil,Krüger,{2005-2009}
1922,Kjetil,Sørbø,{2005-2009}
1923,Kjersti,Løge,{2005-2009}
1924,Kari Kleiv,Redalen,{2005-2009}
1926,Kåre,Mathiassen,{2005-2009}
1927,Karen Marie,Hartmark,"{2005-2009,2001-2005}"
1928,Knud Edmund,Berthelsen,{2005-2009}
1929,Kari Østervold,Toft,{2005-2009}
1930,Kathrine,Rodahl,{2005-2009}
1931,Kirsti,Saxi,"{2005-2009,2001-2005,1997-2001}"
1933,Knut Werner,Hansen,"{2005-2009,2001-2005,1997-2001}"
1934,Lisbeth Lunde,Axelsen,"{2005-2009,2001-2005}"
1935,Laila,Skaret,{2005-2009}
1936,Laila,Melkevoll,{2005-2009}
1937,Lisbeth,Bøhler,{2005-2009}
1940,Linda,Khalayli,{2005-2009}
1941,Linn,Laupsa,"{2005-2009,2001-2005}"
1942,Lars-Henrik P.,Michelsen,{2005-2009}
1945,Linda Tverrånes,Moen,"{2005-2009,2001-2005}"
1946,Lise,Karlsen,{2005-2009}
1947,May Britt,Vihovde,"{2005-2009,2001-2005,1997-2001}"
1948,Magnus,Straume,"{2005-2009,2001-2005}"
1949,Magnhild,Holmberg,{2005-2009}
1950,Marianne,Antonsen,{2005-2009}
1953,Mette S.,Korsrud,"{2005-2009,2001-2005}"
1954,Melinda,Kvinlaug,{2005-2009}
1955,Merete,Hannevig,{2005-2009}
1956,Maja Foss,Five,{2005-2009}
1957,Marit,Gilleberg,{2005-2009}
1959,Mari Helén,Varøy,{2005-2009}
1960,Michael,Momyr,"{2005-2009,2001-2005,1997-2001}"
1961,Mona,Jørgensen,{2005-2009}
1962,Marta,Kvikne,{2005-2009}
1964,Marit,Norborg,{2005-2009}
1965,Morten,Strand,"{2005-2009,2001-2005}"
1966,Nils Marton,Aadland,{2005-2009}
1967,Nils,Bjørnflaten,{2005-2009}
1968,Nils-Olav,Skilbred,"{2005-2009,2001-2005,1997-2001}"
1969,Nils Peter,Undebakke,{2005-2009}
1970,Natacha,Rivera,{2005-2009}
1971,Ove,Vanebo,{2005-2009}
1972,Oddlaug Børseth,Brekken,{2005-2009}
1973,Oddvar,Grøthe,{2005-2009}
1975,Odd Harald,Johansen,{2005-2009}
1976,Odd Jostein,Zazzera,"{2005-2009,2001-2005,1997-2001}"
1978,Olaf,Gjedrem,"{2005-2009,2001-2005,1997-2001}"
1979,Olaf,Thommessen,{2005-2009}
1980,Ole Henrik,Grønn,{2005-2009}
1982,Ole-Anton,Teigen,"{2005-2009,2001-2005}"
1983,Olav Magnus,Linge,{2005-2009}
1984,Ola Martin,Retterholt,"{2005-2009,2001-2005}"
1986,Oddbjørn,Vatne,"{2005-2009,2001-2005}"
1987,Per Egil,Evensen,{2005-2009}
1989,Per-Olav,Lauvstad,{2005-2009}
1990,Per Johannes,Ervik,{2005-2009}
1991,Per Kristian,Dahl,{2005-2009}
1992,Per Kristian,Nielsen,{2005-2009}
1993,Per Kristian,Paulsen,{2005-2009}
1994,Per,Skjærvik,{2005-2009}
1995,Petter Kvinge,Tvedt,{2005-2009}
1996,Per Ole,Larsen,{2005-2009}
1997,Pernille With,Egeberg,{2005-2009}
1998,Reidar,Stangenes,{2005-2009}
1999,Reidun Hadisha,Berrami,{2005-2009}
2001,Rolf Jarle,Brøske,"{2005-2009,2001-2005}"
2002,Randi,Eikevik,{2005-2009}
2003,Randi Myrvang,Næss,{2005-2009}
2004,Ragnhild,Myklebust,{2005-2009}
2005,Roger Harstad,Olsen,{2005-2009}
2006,Roald,Linaker,"{2005-2009,2001-2005}"
2007,Roy Arne,Mathisen,{2005-2009}
2008,Rolf,Nesheim,{2005-2009}
2010,Randi Sollie,Denstad,{2005-2009}
2012,Roald,Stenseide,"{2005-2009,2001-2005}"
2013,Roald,Fiksdal,"{2005-2009,2001-2005}"
2015,Sigbjørn,Aanes,{2005-2009}
2016,Sofus Vikeså,Kjeka,{2005-2009}
2017,Siri Hall,Arnøy,"{2005-2009,2001-2005}"
2018,Synnøve,Brenden,"{2005-2009,2001-2005}"
2019,Svein,Brevik,{2005-2009}
2020,Ståle,Busch,"{2005-2009,2001-2005}"
2021,Sven E.,Maamoen,{2005-2009}
2023,Søren Fredrik,Voie,"{2005-2009,2001-2005,1997-2001}"
2024,Svein Erik,Hilmen,{2005-2009}
2025,Åshild,Olaussen,{2005-2009}
2026,Sigrid,Hvidsten,{2005-2009}
2027,Sindre Fossum,Beyer,{2005-2009}
2029,Silje,Strøm,{2005-2009}
2030,Sigmund,Kroslid,"{2005-2009,2001-2005,1997-2001}"
2032,Silvia K.,Kosmo,{2005-2009}
2033,Sverre Leslie,Mostue,{2005-2009}
2034,Sivert,Berg,{2005-2009}
2035,Sølvi,Jensen,{2005-2009}
2036,Stein,Reegård,{2005-2009}
2037,Sigrun Risholt,Nielsen,{2005-2009}
2038,Synnøve,Solbakken,{2005-2009}
2039,Stein-Roar,Eriksen,{2005-2009}
2041,Svein Atle,Roseth,"{2005-2009,2001-2005,1997-2001}"
2042,Sylvi,Nergård,{2005-2009}
2043,Synnøve,Søndergaard,"{2005-2009,2001-2005}"
2044,Alexander,Dybvad,{2005-2009}
2046,Tormod,Andreassen,{2005-2009}
2047,Tore,Christiansen,"{2005-2009,1997-2001}"
2048,Tord,Dale,"{2005-2009,2001-2005}"
2049,Tetti,Selmer,{2005-2009}
2051,Tormod,Haugan,"{2005-2009,2001-2005}"
2052,Toril,Hovdenak,{2005-2009}
2053,Tom Inge,Lund,{2005-2009}
2055,Tore Jan,Solstad,{2005-2009}
2056,Tove,Korsrud,"{2005-2009,2001-2005}"
2057,Torstein,Larsen,"{2005-2009,2001-2005}"
2058,Tove-Lill Labahå,Magga,{2005-2009}
2059,Tone,Løwe,"{2005-2009,2001-2005}"
2060,Trond,Lode,{2005-2009}
2061,Trude Marian,Nøst,{2005-2009}
2062,Trond Nylende,Jære,{2005-2009}
2063,Tove,Nyhus,{2005-2009}
2065,Tone E.,Larssen,{2005-2009}
2066,Torill Ø.,Hanssen,"{2005-2009,2001-2005}"
2067,Tor,Prøitz,{2005-2009}
2068,Toril,Fiskerstrand,{2005-2009}
2070,Trond,Prytz,{2005-2009}
2071,Trond,Enemo,{2005-2009}
2072,Trine,Noodt,{2005-2009}
2073,Trond,Sandnes,{2005-2009}
2074,Tanja Romsdal,Paulsen,{2005-2009}
2075,Tom Rune,Thorvaldsen,"{2005-2009,2001-2005}"
2076,Tone Sofie,Aglen,{2005-2009}
2077,Tor,Tollefsen,{2005-2009}
2078,Tom,Tvedt,{2005-2009}
2081,Wenche,Bjertnes,{2005-2009}
2082,Wenche I. S.,Høye,{2005-2009}
2083,Wivi-Ann,Tingvoll,{2005-2009}
2084,Øystein Gudbrandsen,Wik,"{2005-2009,1997-2001}"
2085,Øystein,Sjøtveit,"{2005-2009,2001-2005}"
2087,Bjørn,Lothe,"{2005-2009,2001-2005,1997-2001}"
2089,Hege,Nerland,{2005-2009}
2090,Helge,Solum-Larsen,"{2005-2009,1997-2001}"
2091,Idar,Eliassen,{2005-2009}
2094,Modulf,Aukan,"{2005-2009,2001-2005,1997-2001}"
2095,Nils Amund,Røhne,"{2005-2009,2001-2005,1997-2001}"
2098,Torbjørn,Lie,{2005-2009}
2099,Anna Amdal,Fyhn,{2001-2005}
2100,Åse Lill,Kimestad,{2001-2005}
2102,Arne,Austenå,{2001-2005}
2103,Arnt Ander,Wærnes,{2001-2005}
2104,Arne,Bergland,"{2001-2005,1997-2001}"
2105,Arne,Braut,{2001-2005}
2107,Anne Grethe,Tveit,{2001-2005}
2108,Anne,Hjelmstadstuen,{2001-2005}
2109,Aud Irene,Bjørløw,"{2001-2005,1997-2001}"
2110,Aina,Holst,{2001-2005}
2111,Anders J. H.,Eira,{2001-2005}
2113,Ann Kristin,Blomholt,{2001-2005}
2114,Anette M.,Solli,{2001-2005}
2115,Astri,Wessel,"{2001-2005,1997-2001}"
2116,Alex,Norbakken,{2001-2005}
2117,Andreas,Dalsegg,{2001-2005}
2118,Annette,Lykknes,{2001-2005}
2119,Anne Haabeth,Rygg,{2001-2005}
2120,Arne,Hillestad,{2001-2005}
2121,Arild,Skau,{2001-2005}
2122,Arne Johan,Sigstad,{2001-2005}
2123,Anne Rygh,Pedersen,{2001-2005}
2124,Åshild Karlstrøm,Rundhaug,{2001-2005}
2125,Ane Sofie,Tømmerås,"{2001-2005,1997-2001}"
2126,Astrid,Bergmål,{2001-2005}
2127,Åse,Versland,{2001-2005}
2128,Åse Tønnessen,Sæbø,{2001-2005}
2129,Anita,Tustervatn,{2001-2005}
2130,Aud,Dalen,{2001-2005}
2132,Anne Underthun,Marstein,{2001-2005}
2133,Aud,Viken,{2001-2005}
2135,Alf Yngvar,Thorstensen,{2001-2005}
2136,Barbro-Lill,Hætta,{2001-2005}
2137,Bente Gunn,Håtuft,{2001-2005}
2138,Bård Glad,Pedersen,{2001-2005}
2139,Bernt,Hågensen,"{2001-2005,1997-2001}"
2140,Brit I. H.,Andreassen,{2001-2005}
2143,Borgny Kjølstad,Grande,{2001-2005}
2144,Bjørg Karin,Wikan,{2001-2005}
2145,Bente Holtan,Openshaw,{2001-2005}
2146,Berit Skogli,Wiik,{2001-2005}
2147,Bernt Egil,Torp,{2001-2005}
2149,Carsten,Dybevig,{2001-2005}
2150,Carmen Fuentes,Arends,{2001-2005}
2151,Christian,Holm,{2001-2005}
2152,Camilla,Johannessen,{2001-2005}
2153,Cathrine S.,Amundsen,{2001-2005}
2154,David,Hansen,"{2001-2005,1997-2001}"
2155,Daniel Kjørberg,Siraj,{2001-2005}
2156,Gunnel,Edfeldt,"{2001-2005,1997-2001}"
2157,Einar,Holstad,"{2001-2005,1997-2001}"
2158,Eirin Horrigmoe,Paulsen,{2001-2005}
2159,Einar,Johansen,"{2001-2005,1997-2001}"
2161,Elin,Rånes,{2001-2005}
2162,Eldbjørg I.,Lundby,"{2001-2005,1997-2001}"
2163,Eli Petra,Lund,{2001-2005}
2165,Elisabeth,Lund,{2001-2005}
2166,Edith Aarebrot,Madsen,{2001-2005}
2167,Enid,Bratteng,{2001-2005}
2168,Endre,Skjørestad,"{2001-2005,1997-2001}"
2169,Eva,Ormåsen,"{2001-2005,1997-2001}"
2170,Espen,Ophaug,{2001-2005}
2171,Erik,Andersen,{2001-2005}
2172,Erlend,Nornes,{2001-2005}
2173,Elin,Schanche,{2001-2005}
2174,Einar Berner,Silset,{2001-2005}
2175,Einar,Strøm,{2001-2005}
2176,Eva,Solstad,{2001-2005}
2177,Eva M.,Langaas,{2001-2005}
2178,Freddy,Hoffmann,{2001-2005}
2179,Frode,Hervik,{2001-2005}
2181,Fritz,Nilsen,"{2001-2005,1997-2001}"
2182,Frode,Valla,"{2001-2005,1997-2001}"
2183,Gard,Folkvord,"{2001-2005,1997-2001}"
2184,Gerd,Dvergsdal,{2001-2005}
2185,Geir Øystein,Andersen,{2001-2005}
2186,Geir,Sagelv,{2001-2005}
2187,Gunn,Helgesen,"{2001-2005,1997-2001}"
2188,Gunn Inger,Løvseth,"{2001-2005,1997-2001}"
2189,Geir,Jensås,{2001-2005}
2190,Gjermund,Skaar,{2001-2005}
2191,Geir,Byberg,{2001-2005}
2192,Guro Lyngstad,Myklestul,{2001-2005}
2193,Grethe Paaske,Gulbrandsen,{2001-2005}
2194,Gustav,Reiersen,{2001-2005}
2196,Grete,Mortensen,{2001-2005}
2197,Gudny,Ronglan,"{2001-2005,1997-2001}"
2198,Gerd,Fladset,"{2001-2005,1997-2001}"
2199,Gunnvor A.,Sunde,{2001-2005}
2200,Gunvor Sørlie,Tangerås,{2001-2005}
2201,Gunnar Tore,Stenseng,{2001-2005}
2202,Gunnar,Oftedahl,{2001-2005}
2203,Guro,Wasa,{2001-2005}
2204,Harald,Espelund,{2001-2005}
2205,Håkon,Andersen,{2001-2005}
2206,Helge,Bjørnsen,"{2001-2005,1997-2001}"
2208,Helga,Eggebø,{2001-2005}
2209,Heidi K.,Larsen,"{2001-2005,1997-2001}"
2210,Henriette,Westhrin,{2001-2005}
2211,Helga,Rullestad,"{2001-2005,1997-2001}"
2212,Hanne Fehn,Dahle,{2001-2005}
2214,Harald E.,Hansen,"{2001-2005,1997-2001}"
2215,Hans,Jensen,{2001-2005}
2216,Hans Kristian,Vollan,{2001-2005}
2217,Hege,Leiknes,{2001-2005}
2218,Hilde,Onarheim,{2001-2005}
2220,Heidi,Rømming,{2001-2005}
2221,Harald,Solberg,"{2001-2005,1997-2001}"
2222,Hege Yli,Melhus,{2001-2005}
2223,Inger Lise,Hillestad,{2001-2005}
2224,Inger Lise,Aarrestad,{2001-2005}
2225,Inger Lise,Hansen,{2001-2005}
2226,Inger,Møll,{2001-2005}
2227,Inger,Stokstad,{2001-2005}
2229,Ivar,Systad,{2001-2005}
2230,Jan-Erik,Gaup,{2001-2005}
2231,Jan L.,Stub,{2001-2005}
2232,Jan Edvin,Silseth,"{2001-2005,1997-2001}"
2234,Jan Birger,Medhaug,{2001-2005}
2235,Jens Jørgen,Lie,{2001-2005}
2236,Jon Olav,Alstad,"{2001-2005,1997-2001}"
2237,Joril,Christensen,{2001-2005}
2238,John,Knudseth,{2001-2005}
2239,Jan Petter,Rasmussen,"{2001-2005,1997-2001}"
2240,Janne,Nakken,{2001-2005}
2241,Just Hjalmar,Johansen,{2001-2005}
2243,Jostein W.,Rovik,"{2001-2005,1997-2001}"
2244,Kari Anne,Moe,{2001-2005}
2245,Kari,Fosso,{2001-2005}
2246,Katrine Nesset,Pollen,{2001-2005}
2247,Kari,Økland,"{2001-2005,1997-2001}"
2248,Karin,Galaaen,{2001-2005}
2249,Karin,Kjølmoen,"{2001-2005,1997-2001}"
2251,Karl Einar,Haslestad,"{2001-2005,1997-2001}"
2252,Kari,Gløersen,"{2001-2005,1997-2001}"
2253,Kari Hølmo,Holen,"{2001-2005,1997-2001}"
2254,Karin Helene,Nygaard,{2001-2005}
2255,Kent Inge Stenberg,Ryen,{2001-2005}
2256,Kristen,Bartnes,{2001-2005}
2257,Kirsti,Welander,{2001-2005}
2259,Kjell,Jamne,"{2001-2005,1997-2001}"
2260,Karstein,Hansen,"{2001-2005,1997-2001}"
2261,Kjetil,Landrog,{2001-2005}
2262,Raymond,Marthinsen,{2001-2005}
2264,Klara Gauthun,Tveit,{2001-2005}
2266,Kåre,Mæland,{2001-2005}
2267,Kari,Mo,"{2001-2005,1997-2001}"
2268,Knut Even,Lindsjørn,{2001-2005}
2269,Kathrine Pernille,Olsen,{2001-2005}
2270,Kari Austerheim,Silde,{2001-2005}
2271,Karin,Nordstad,{2001-2005}
2272,Karl-Anton,Swensen,{2001-2005}
2273,Kari,Sørheim,"{2001-2005,1997-2001}"
2274,Kuberan,Thurairajah,{2001-2005}
2275,Kjell Tore,Wirum,{2001-2005}
2276,Linda Beate,Randal,"{2001-2005,1997-2001}"
2277,Lene,Christiansen,{2001-2005}
2278,Leif Christian,Johansen,{2001-2005}
2279,Leidulf,Gloppestad,{2001-2005}
2280,Liv Hilde Vårvik,Lien,{2001-2005}
2281,Lill Karin,Dale,{2001-2005}
2282,Lone Sundt,Kokkvoll,{2001-2005}
2283,Lars,Ødegård,"{2001-2005,1997-2001}"
2284,Liv Sæbø,Fausa,{2001-2005}
2285,Liv,Skaaheim,{2001-2005}
2286,Lilly Tønnevold,Stakkeland,{2001-2005}
2287,Margaret,Eckbo,{2001-2005}
2288,Marianne,Borgen,"{2001-2005,1997-2001}"
2289,Mari,Hagen,{2001-2005}
2290,Marie,Kürstein,{2001-2005}
2291,Mathias,Råheim,"{2001-2005,1997-2001}"
2292,Marit Berger,Røsland,{2001-2005}
2293,May-Anne,Brand,{2001-2005}
2294,Mette,Gundersen,{2001-2005}
2295,Mali Grete N.,Aksnes,{2001-2005}
2296,Marit,Fenne,{2001-2005}
2297,Maria Hoff,Aanes,{2001-2005}
2298,Mona,Enstad,{2001-2005}
2299,Marianne,Knarud,{2001-2005}
2301,Margrethe Litlabø,Vatna,{2001-2005}
2302,Monica,Mæland,{2001-2005}
2303,Morten,Olsen,"{2001-2005,1997-2001}"
2304,Morten,Sommer,{2001-2005}
2305,Marit,Rustad,{2001-2005}
2306,Nils Arnt,Lines,{2001-2005}
2307,Nordan,Helland,{2001-2005}
2308,Norvall,Nøringset,{2001-2005}
2310,Oddny Margit,Aakre,{2001-2005}
2311,Oddbjørn,Hanssen,"{2001-2005,1997-2001}"
2313,Oddrun Dahle,Liasjø,{2001-2005}
2314,Ola Einar,Flem,{2001-2005}
2315,Odd Erik,Johansen,{2001-2005}
2316,Ove Geir,Grimstad,"{2001-2005,1997-2001}"
2318,Thomas,Smedsrud,{1997-2001}
2320,Ola,Ingvaldstad,"{2001-2005,1997-2001}"
2321,Øivind,Ekeberg,{2001-2005}
2322,Olin Johanne,Henden,{2001-2005}
2323,Oddvar Johan,Jensen,{2001-2005}
2324,Olav,Huseby,"{2001-2005,1997-2001}"
2325,Olav Steinar,Namtvedt,{2001-2005}
2326,Oddny Irene,Miljeteig,{2001-2005}
2328,Olaf,Diserud,{2001-2005}
2329,Oddny,Omdal,{2001-2005}
2330,Ola,Røtvei,"{2001-2005,1997-2001}"
2332,Ola T.,Heggem,{2001-2005}
2333,Ottar,Kaldhol,"{2001-2005,1997-2001}"
2334,Øyvind,Slåke,{2001-2005}
2335,Pål,Berrefjord,{2001-2005}
2336,Peggy Bolstad,Davidsen,{2001-2005}
2337,Per,Brovold,{2001-2005}
2338,Per J.,Jordal,{2001-2005}
2339,Per,Østvold,{2001-2005}
2340,Petter,Johansen,{2001-2005}
2341,Per John,Skjervik,{2001-2005}
2342,Pål,Kårbø,{2001-2005}
2343,Phu,Le Duong,{2001-2005}
2344,Per-Anton,Nesjan,{2001-2005}
2345,Per Åge,Nilsen,{2001-2005}
2346,Per Steinar,Osmundnes,{2001-2005}
2347,Peder,Syrdalen,{2001-2005}
2348,Ragna,Flotve,{2001-2005}
2349,Ragnhild,Røed,{2001-2005}
2350,Ragnar Bøe,Elgsaas,{2001-2005}
2351,Runbjørg Bremset,Hansen,{2001-2005}
2352,Robert Cornels,Nordli,{2001-2005}
2353,Rolf Erling,Andersen,"{2001-2005,1997-2001}"
2354,Reidun,Gravdahl,"{2001-2005,1997-2001}"
2355,Reidun Vigestad,Berge,"{2001-2005,1997-2001}"
2356,Reidar,Sortland,{2001-2005}
2357,Ruth Lilian,Brekke,{2001-2005}
2358,Reidun Loland,Erikstein,{2001-2005}
2359,Bjørn,Ropstad,{2001-2005}
2360,Ruth Olaug,Rist,{2001-2005}
2362,Rita,Tveiten,"{2001-2005,1997-2001}"
2364,Ruth,Stenersen,"{2001-2005,1997-2001}"
2365,Samba,Njie,{2001-2005}
2367,Svenn,Kristiansen,{2001-2005}
2368,Svein Erik,Odden,{2001-2005}
2369,Solveig,Helland,{2001-2005}
2370,Sigrunn Hole,Hosaas,{2001-2005}
2371,Silja Ekeland,Bjørkly,{2001-2005}
2373,Sølve,Karlsen,{2001-2005}
2375,Ståle,Økland,{2001-2005}
2376,Solgull,Klette,{2001-2005}
2377,Svein Otto,Nilsen,{2001-2005}
2378,Sølve,Sivertsen,{2001-2005}
2379,Solveig Tolpinrud,Solberg,{2001-2005}
2380,Stine,Stensrød,{2001-2005}
2381,Stine Helena,Svendsen,{2001-2005}
2382,Shahbaz,Tariq,"{2001-2005,1997-2001}"
2383,Signe,von Streng,{2001-2005}
2384,Svanhild,Mykløy,{2001-2005}
2385,Svein,Bringsjord,{2001-2005}
2386,Sverre,Folkestad,{2001-2005}
2388,Solveig Varnes,Solbakken,"{2001-2005,1997-2001}"
2389,Synnøve,Stokke,{2001-2005}
2390,Trine Brænden,Olsen,{2001-2005}
2391,Terje,Amundsen,{2001-2005}
2392,Tron Erik,Hovind,"{2001-2005,1997-2001}"
2393,Terje,Kleiven,{2001-2005}
2394,Tove,Lehre,{2001-2005}
2395,Tove Helland,Vea,"{2001-2005,1997-2001}"
2396,Terje,Johansen,{2001-2005}
2397,Toril Kvaale,Eriksen,{2001-2005}
2398,Teddy,Kjendlie,{2001-2005}
2399,Thea Kristine,Schjerven,{2001-2005}
2400,Trine Lise,Eriksen,{2001-2005}
2401,Tora,Husan,{2001-2005}
2402,Tomas,Norvoll,"{2001-2005,1997-2001}"
2403,Tore,Nordseth,"{2001-2005,1997-2001}"
2404,Torill Haaland,Horpestad,"{2001-2005,1997-2001}"
2405,Tormod,Vågsnes,{2001-2005}
2406,Trond,Åmo,{2001-2005}
2407,Trond Martin,Sæterhaug,{2001-2005}
2408,Torkild Solli,Haukaas,{2001-2005}
2409,Tord Kristian,Skancke,{2001-2005}
2410,Toni Kristin,Solbakken,{2001-2005}
2412,Unni Hennum,Lie,"{2001-2005,1997-2001}"
2413,Vegard Bjørntvedt,Øvrebø,{2001-2005}
2414,Venke,de Lange,{2001-2005}
2415,Vibekke,Kristiansen,{2001-2005}
2417,Wenche,Bolle,{2001-2005}
2418,Wenja Elisabeth,Ringen,"{2001-2005,1997-2001}"
2419,Wenche,Cumming,{2001-2005}
2420,Yngvar,Aarebrot,{2001-2005}
2421,Yngvar,Hansen-Tangen,{2001-2005}
2422,Ørnulf,Skjæran,"{2001-2005,1997-2001}"
2423,Øystein,Ådland,"{2001-2005,1997-2001}"
2424,Åge,Tovan,"{2001-2005,1997-2001}"
2427,Bjørn Aage,Lassen,{2001-2005}
2429,Eva,Borkenhagen,"{2001-2005,1997-2001}"
2430,Grethe G.,Fossum,"{2001-2005,1997-2001}"
2432,Hans-Christian,Gabrielsen,{2001-2005}
2433,Harald,Hove,"{2001-2005,1997-2001}"
2435,Inge,Myrvoll,"{2001-2005,1997-2001}"
2438,Jan,Koløy,{2001-2005}
2439,Jens Petter,Ekornes,{2001-2005}
2442,Kåre G.,Knudsen,{2001-2005}
2443,Kjell,Moberg,{2001-2005}
2444,Kaare,Sandegren,{2001-2005}
2445,Kurt Norvald,Bakken,{2001-2005}
2447,Lidio,Dominguez,{2001-2005}
2449,Liv Marit,Moland,"{2001-2005,1997-2001}"
2451,Morten,Lødøen,{2001-2005}
2453,Paul Oddvar,Liseth,"{2001-2005,1997-2001}"
2455,Rune,Gerhardsen,{2001-2005}
2456,Steinar,Berge,{2001-2005}
2457,Siri,Bjerke,"{2001-2005,1997-2001}"
2458,Yngve,Ulset,{2001-2005}
2459,Anne Britt,Norø,{1997-2001}
2461,Arne,Tunheim,{1997-2001}
2462,Anne Christel,Johnsgaard,{1997-2001}
2463,Anders C.,Sjaastad,{1997-2001}
2464,Arne Dagfinn,Øynes,{1997-2001}
2465,Elisabeth,Heggehagen,{1997-2001}
2467,Aud,Folkestad,{1997-2001}
2468,Anne Grethe,Erlandsen,{1997-2001}
2469,Arild,Gjervan,{1997-2001}
2470,Anders,Hornslien,{1997-2001}
2471,Arve Hans,Otterlei,{1997-2001}
2472,Arvid,Falch,{1997-2001}
2473,Arild Ingar,Lægreid,{1997-2001}
2474,Irene,Linnes,{1997-2001}
2475,Arild,Kjempekjenn,{1997-2001}
2476,Alf-Eivind,Ljøstad,{1997-2001}
2477,Anne Liv Kaarstad,Lie,{1997-2001}
2478,Anne Lise,Lunde,{1997-2001}
2479,Anne Mette,Amundsen,{1997-2001}
2480,Anita,Midtskogen,{1997-2001}
2481,Amir,Keyani,{1997-2001}
2483,Astrid,Rathe,{1997-2001}
2484,Arild,Daleng,{1997-2001}
2486,Arne,Larsen,{1997-2001}
2487,Arne Rekdal,Olsen,{1997-2001}
2488,Anne Sofie,Berge,{1997-2001}
2489,Aina G.,Simonsen,{1997-2001}
2490,Anne Therese,Gullberg,{1997-2001}
2492,Arna Vik,Misje,{1997-2001}
2493,Aud,Watnebryn,{1997-2001}
2494,Asmund,Wold,{1997-2001}
2495,Alfredo,Zamudio jr.,{1997-2001}
2496,Brynjulf,Aagesen,{1997-2001}
2497,Bjørg,Bruset,{1997-2001}
2499,Bernhard,Riksfjord,{1997-2001}
2500,Bjørg Hope,Galtung,{1997-2001}
2501,Bjørnar,Olsen,{1997-2001}
2502,Bjørn,Robstad,{1997-2001}
2503,Bjørn,Skaar,{1997-2001}
2504,Bjørg,Wallevik,{1997-2001}
2505,Bjørn,Hansen,{1997-2001}
2506,Bjørn,Eriksen,{1997-2001}
2507,Bjørn,Iversen,{1997-2001}
2508,Berit,Kvæven,{1997-2001}
2509,Bjørg Kyrkjebø,Staaland,{1997-2001}
2510,Britt-Hege,Nicolaysen,{1997-2001}
2511,Brit,Strandrud,{1997-2001}
2512,Bjarte Skoe,Erikstein,{1997-2001}
2514,Christian,Christensen,{1997-2001}
2516,Dagfinn,Ripnes,{1997-2001}
2517,Dagny Gärtner,Hovig,{1997-2001}
2518,Diann,Wallin,{1997-2001}
2520,Einar,Ellefsrud,{1997-2001}
2521,Ellen Gjerpe,Hansen,{1997-2001}
2522,Egil,Johansson,{1997-2001}
2524,Eirik Langeland,Fjeld,{1997-2001}
2525,Eilert Jan,Lohne,{1997-2001}
2526,Elin,Aune,{1997-2001}
2527,Ellen,Bergli,{1997-2001}
2528,Else Brandvoll,Andresen,{1997-2001}
2529,Endre Lund,Eriksen,{1997-2001}
2530,Else Marie,Stuenæs,{1997-2001}
2532,Erna,Ansnes,{1997-2001}
2533,Erling,Brandsnes,{1997-2001}
2534,Erland,Fagermoen,{1997-2001}
2535,Eva,Døvle,{1997-2001}
2536,Even,Erlien,{1997-2001}
2537,Even,Gran,{1997-2001}
2538,Fredrik,Färber,{1997-2001}
2539,Finn Sture,Hultgreen,{1997-2001}
2540,Frid Einarsdotter,Fossbakk,{1997-2001}
2541,Finn Ragnar,Kydland,{1997-2001}
2542,Terje,Tønnessen,{1997-2001}
2543,Frank Willy,Larsen,{1997-2001}
2545,Gerd,Johnsen,{1997-2001}
2546,Gunleik,Hynne,{1997-2001}
2548,Gunnar,Molander,{1997-2001}
2549,Gudmunn,Vevang,{1997-2001}
2550,Gudny,Fagerhol,{1997-2001}
2551,Gustav,Hareide,{1997-2001}
2552,Gunn,Steinhovden,{1997-2001}
2553,Gunn-Vivian,Eide,{1997-2001}
2554,Grethe Westergaard,Bjørlo,{1997-2001}
2555,Hallvard,Aamlid,{1997-2001}
2556,Harald,Holand,{1997-2001}
2557,Hans-Martin,Jørgensen,{1997-2001}
2558,Hans E.,Nikolaisen,{1997-2001}
2559,Hanne Varhaug,Søberg,{1997-2001}
2560,Henny,Bjerkedok,{1997-2001}
2561,Hallgrim,Berg,{1997-2001}
2562,Helen,Fløisand,{1997-2001}
2563,Helene Falch,Fladmark,{1997-2001}
2566,Henning Jacobsen,Rolfsøn,{1997-2001}
2567,Håkon Steinar,Giil,{1997-2001}
2568,Helge,Svendsen,{1997-2001}
2569,Håkon,Andersen,{1997-2001}
2570,Håvard,Haukvik,{1997-2001}
2571,Håvard Wennevold,Osflaten,{1997-2001}
2572,Inger Johanne,Drevvatn,{1997-2001}
2573,Ingvild,Gjerstad,{1997-2001}
2574,Ingrid,Herje,{1997-2001}
2575,Inger Jo,Haaland,{1997-2001}
2576,Inger Johanne,Kristiansen,{1997-2001}
2577,Inger Jorun,Årseth,{1997-2001}
2578,Inga,Kvalbukt,{1997-2001}
2579,Inger Lise,Balandin,{1997-2001}
2581,Lovise,Raudsandmoen,{1997-2001}
2582,Inger Lise,Sæter,{1997-2001}
2583,Ida Marie,Løvlien,{1997-2001}
2584,Ingfrid Bjørnstad,Grøv,{1997-2001}
2585,Inger Marit,Sverresen,{1997-2001}
2586,Inge,Bartnes,{1997-2001}
2587,Inga,Balstad,{1997-2001}
2588,Ingjerd,Johnson,{1997-2001}
2589,Inger Lise,Brække,{1997-2001}
2590,Inge Takle,Mæstad,{1997-2001}
2591,Inger,Randem,{1997-2001}
2593,Ina,Utne,{1997-2001}
2594,Iris,Bartholsen,{1997-2001}
2595,Ingebjørg,Ulbaasen,{1997-2001}
2596,John,Arntsen,{1997-2001}
2597,Jarle,Skartun,{1997-2001}
2598,Jarmund,Øyen,{1997-2001}
2599,Jorid Annie,Sønstegaard,{1997-2001}
2600,Jarle,Braut,{1997-2001}
2602,Jens Arnfinn,Brødsjømoen,{1997-2001}
2603,Jone,Handeland,{1997-2001}
2604,Jens Dybevik,Knapstad,{1997-2001}
2605,Jørgen,Holte,{1997-2001}
2607,Jan M.,Vevatne,{1997-2001}
2608,Joar T.,Brobakk,{1997-2001}
2609,Johannes,Sandstad,{1997-2001}
2610,Jostein,Solberg,{1997-2001}
2611,Jon,Tørset,{1997-2001}
2612,Jan,Solheim,{1997-2001}
2613,Jan Th.,Langaard,{1997-2001}
2614,Jørund,Ruud,{1997-2001}
2615,Knut,Anvik,{1997-2001}
2616,Kari,Berthelsen,{1997-2001}
2617,Kaare,Hjorth,{1997-2001}
2618,Kari,Manger,{1997-2001}
2619,Kadafi,Zaman,{1997-2001}
2620,Kari Bakke,Nævdal,{1997-2001}
2621,Kari,Brudevoll,{1997-2001}
2622,Knut Fredrik,Firing,{1997-2001}
2623,Sigurd,Grytten,{1997-2001}
2624,Kåre,Harila,{1997-2001}
2625,Kirsten Huser,Leschbrandt,{1997-2001}
2626,Kjell H.,Sæther,{1997-2001}
2627,Kjell Ivar,Fossnes,{1997-2001}
2628,Kjell-Ivar,Hansen,{1997-2001}
2629,Kirsti,Nyblin,{1997-2001}
2630,Kjell Erik,Brekke,{1997-2001}
2631,Kjell,Netland,{1997-2001}
2632,Kjell,Serigstad,{1997-2001}
2633,Kjell,Øvergård,{1997-2001}
2635,Karin,Lian,{1997-2001}
2636,Kåre,Ludvigsen,{1997-2001}
2637,Kari,Moan,{1997-2001}
2638,Karen Marie Eira,Buljo,{1997-2001}
2639,Knut,Nysæther,{1997-2001}
2640,Karl N.,Meløysund,{1997-2001}
2641,Kirsten Nessler,Seglem,{1997-2001}
2642,Kristine,Marthinsen,{1997-2001}
2643,Knut,Sundet,{1997-2001}
2644,Kjell Terje,Fevåg,{1997-2001}
2645,Kurt-Arne,Langeland,{1997-2001}
2646,Kurt,Weltzien,{1997-2001}
2647,Kristin Bade,Veire,{1997-2001}
2648,Kristian,Wengen,{1997-2001}
2649,Lars Arne,Ryssdal,{1997-2001}
2650,Lars,Ramstad,{1997-2001}
2651,Laila,Schult,{1997-2001}
2652,Leif,Gjessing,{1997-2001}
2653,Lone Furuhaugen,Bråthen,{1997-2001}
2655,Leif,Hafstad,{1997-2001}
2656,Lisbeth,Holand,{1997-2001}
2657,Lisbet,Rugtvedt,{1997-2001}
2658,Leif Arne,Larsen,{1997-2001}
2659,Liv Oda,Dale,{1997-2001}
2660,Liv,Sandven,{1997-2001}
2661,Laila,Tjønnvåg,{1997-2001}
2662,Magnhild Afseth,Olrud,{1997-2001}
2663,Marie,Førde,{1997-2001}
2664,Magnus,Skåden,{1997-2001}
2665,Magnar,Heggernes,{1997-2001}
2666,Marianne,Hagen,{1997-2001}
2667,Margareth,Grovassbakk,{1997-2001}
2668,Marit,Nyhuus,{1997-2001}
2669,Marit,Lefdal,{1997-2001}
2670,Merete,Agerbak-Jensen,{1997-2001}
2671,Marianne,Hofseth,{1997-2001}
2673,Mette Lund,Stake,{1997-2001}
2674,Mildrid Marie,Olsen,{1997-2001}
2675,Mai-Britt,Olsen,{1997-2001}
2676,Monika Soltveit,Gabrielli,{1997-2001}
2677,Magnhild,Reisæter,{1997-2001}
2678,Margaritha,Rambøl,{1997-2001}
2680,Nils R.,Sandal,{1997-2001}
2681,Njål S.,Føsker,{1997-2001}
2682,Odd,Djøseland,{1997-2001}
2684,Ole Herman,Sveian,{1997-2001}
2685,Ole Kristian,Kjølholdt,{1997-2001}
2686,Osvald,Ludviksen,{1997-2001}
2687,Ole Kristian,Udnes,{1997-2001}
2688,Ola,Prestegarden,{1997-2001}
2689,Ole,Tinghaug,{1997-2001}
2690,Olav,Pedersen,{1997-2001}
2691,Oscar,Eide,{1997-2001}
2692,Olav,Teppen,{1997-2001}
2693,Ove,Rullestad,{1997-2001}
2694,Per,Norheim,{1997-2001}
2695,Pål,Graff,{1997-2001}
2696,Pauline Gundersen,Nordbø,{1997-2001}
2697,Ragnhild,Hellemo,{1997-2001}
2698,Per,Hvamstad,{1997-2001}
2699,Reidun,Bakken,{1997-2001}
2701,Roy,Gyberg,{1997-2001}
2702,Roy,Høibo,{1997-2001}
2703,Rita H.,Roaldsen,{1997-2001}
2706,Rikke,Lind,{1997-2001}
2707,Ronald,Nielsen,{1997-2001}
2708,Roger,Skarvik,{1997-2001}
2709,Roy,Waage,{1997-2001}
2710,Randi,Røvik,{1997-2001}
2711,Roar,Raste,{1997-2001}
2712,Rune,Fadum,{1997-2001}
2713,Reidun,Vevle,{1997-2001}
2714,Robert,Wright,{1997-2001}
2715,Steinar,Aspli,{1997-2001}
2716,Sissel,Dagslet,{1997-2001}
2717,Siv Aase,Eggen,{1997-2001}
2718,Stein,Borkmo,{1997-2001}
2719,Svein Erik,Kristiansen,{1997-2001}
2721,Sidsel,Hansen,{1997-2001}
2723,Sigrunn,Heen,{1997-2001}
2724,Solfrid,Ballo,{1997-2001}
2725,Solfrid,Nilsen,{1997-2001}
2726,Sondre,Nordjordet,{1997-2001}
2727,Solbjørg,Nystad,{1997-2001}
2728,Svein Ottar,Sandal,{1997-2001}
2729,Svein H.,Antonsen,{1997-2001}
2730,Svein Erik,Brodal,{1997-2001}
2731,Svein,Helgesen,{1997-2001}
2732,Svein,Konstali,{1997-2001}
2733,Svein,Maalø,{1997-2001}
2734,Sylvia,Hammersvik,{1997-2001}
2735,Solveig Åsgard,Kleven,{1997-2001}
2736,Toril,Abrahamsen,{1997-2001}
2737,Torill B.,Høyland,{1997-2001}
2738,Christian,Svendsen,{1997-2001}
2739,Tor-Even,Heltorp,{1997-2001}
2741,Terje,Lillemo,{1997-2001}
2742,Tom,Forkerud,{1997-2001}
2743,Theis,Salvesen,{1997-2001}
2744,Thorbjørn,Merkesdal,{1997-2001}
2746,Torgny,Hagerup,{1997-2001}
2747,Torbjørg,Mydland,{1997-2001}
2748,Torger Johannes,Nilsen,{1997-2001}
2749,Tore,Arnegard,{1997-2001}
2750,Trine,Gjersøe,{1997-2001}
2751,Trond,Mathisen,{1997-2001}
2752,Thomas,Wetting,{1997-2001}
2753,Terje,Stenseng,{1997-2001}
2754,Terje,Søviknes,{1997-2001}
2756,Turid,Opedal,{1997-2001}
2757,Tore,Øvsthun,{1997-2001}
2758,Unn,Aarrestad,{1997-2001}
2759,Unni,Walaas,{1997-2001}
2760,Vibeke,Dalen,{1997-2001}
2761,Vigdis Hjulstad,Belbo,{1997-2001}
2763,Vivian Knarvik,Bugge,{1997-2001}
2764,Vanja Stenslie,Krakk,{1997-2001}
2765,Vedis,Vik,{1997-2001}
2766,Walther,Mainhard,{1997-2001}
2767,Yngve,Brox,{1997-2001}
2768,Øivind,Skjerve,{1997-2001}
2769,Øistein,Solgaard,{1997-2001}
2770,Åshild,Anmarkrud,{1997-2001}
2771,Åse,Sælensminde,{1997-2001}
2772,Åse Grønlien,Østmoe,{1997-2001}
2774,Anniken Kavli,Molland,{1997-2001}
2776,Benn,Mikalsen,{1997-2001}
2777,Bente,Nygård,{1997-2001}
2778,Borghild Winsnes,Malum,{1997-2001}
2781,Gro,Knudsen,{1997-2001}
2783,Hakon,Lunde,{1997-2001}
2784,Helge,Høva,{1997-2001}
2785,Inger,Eikesdal,{1997-2001}
2787,Inger Marie,Aurlien,{1997-2001}
2788,Inger-Marie,Ytterhorn,{1997-2001}
2791,Karen Irene,Stangeland,{1997-2001}
2792,Kari Oftedal,Lima,{1997-2001}
2793,Kai,Ekanger,{1997-2001}
2796,Leon,Bodd,{1997-2001}
2798,Liv Margrete,Dolve,{1997-2001}
2799,Magnar,Lussand,{1997-2001}
2800,Merete Skarhol,Gran,{1997-2001}
2802,Roy Vidar,Heia,{1997-2001}
2803,Svein,Brækken,{1997-2001}
2804,Sigrun S.,Natås,{1997-2001}
2805,Tore,Brokke,{1997-2001}
2806,Thorleif,Holth,{1997-2001}
2808,Tove Kari,Viken,{1997-2001}
